Date,Open,High,Low,Close,Adj Close,Volume
02-07-2012,9103.790039,9103.790039,9003.480469,9003.480469,9003.480469,99800
03-07-2012,9013.650391,9082.389648,9012.860352,9066.589844,9066.589844,121000
04-07-2012,9119.69043,9136.019531,9095.30957,9104.169922,9104.169922,105600
05-07-2012,9078.459961,9130.540039,9069.009766,9079.799805,9079.799805,97000
06-07-2012,9052.700195,9082.040039,8977.349609,9020.75,9020.75,108200
09-07-2012,8922.990234,8954.44043,8892.169922,8896.879883,8896.879883,92000
10-07-2012,8922.030273,8966.990234,8855.929688,8857.730469,8857.730469,108400
11-07-2012,8819.040039,8851,8797.730469,8851,8851,98000
12-07-2012,8859.389648,8862.799805,8709.75,8720.009766,8720.009766,141800
13-07-2012,8701.349609,8759.05957,8695.44043,8724.120117,8724.120117,122800
17-07-2012,8740.980469,8808.870117,8711.730469,8755,8755,112000
18-07-2012,8796.150391,8802.089844,8715.139648,8726.740234,8726.740234,119000
19-07-2012,8795,8835.799805,8771.19043,8795.549805,8795.549805,113200
20-07-2012,8785.870117,8792.19043,8662.719727,8669.870117,8669.870117,117000
23-07-2012,8582.280273,8606.230469,8500.269531,8508.320313,8508.320313,103400
24-07-2012,8497.990234,8517.519531,8446.179688,8488.089844,8488.089844,126200
25-07-2012,8410.980469,8433.580078,8328.019531,8365.900391,8365.900391,137400
26-07-2012,8408.219727,8448.549805,8358.509766,8443.099609,8443.099609,153400
27-07-2012,8547.339844,8569.089844,8522.740234,8566.639648,8566.639648,129000
30-07-2012,8658.830078,8663.299805,8589.19043,8635.44043,8635.44043,112000
31-07-2012,8600.919922,8732.839844,8585.259766,8695.05957,8695.05957,140200
01-08-2012,8622.040039,8654.610352,8578.160156,8641.849609,8641.849609,123200
02-08-2012,8642.889648,8705.910156,8635.509766,8653.179688,8653.179688,127000
03-08-2012,8539.709961,8565.05957,8513.200195,8555.110352,8555.110352,141800
06-08-2012,8683.200195,8751.799805,8676.25,8726.290039,8726.290039,113000
07-08-2012,8714.120117,8812.419922,8711.900391,8803.30957,8803.30957,109400
08-08-2012,8889.379883,8962.950195,8851.589844,8881.160156,8881.160156,162400
09-08-2012,8870.80957,9004.80957,8862.169922,8978.599609,8978.599609,151200
10-08-2012,8931.919922,8954.849609,8857.230469,8891.44043,8891.44043,120000
13-08-2012,8871.679688,8906.209961,8867.629883,8885.150391,8885.150391,72000
14-08-2012,8913.700195,8970.990234,8897.870117,8929.879883,8929.879883,117600
15-08-2012,8960.280273,8960.280273,8866.05957,8925.040039,8925.040039,104400
16-08-2012,8967.110352,9094.089844,8962.969727,9092.759766,9092.759766,115200
17-08-2012,9120.219727,9181.570313,9097,9162.5,9162.5,132600
20-08-2012,9202.360352,9222.870117,9150.790039,9171.160156,9171.160156,91400
21-08-2012,9165.150391,9196.669922,9146.070313,9156.919922,9156.919922,84200
22-08-2012,9150.69043,9162.969727,9075.080078,9131.740234,9131.740234,85800
23-08-2012,9080.669922,9194.469727,9062.540039,9178.120117,9178.120117,102800
24-08-2012,9069.950195,9090.669922,9045.790039,9070.759766,9070.759766,85800
27-08-2012,9140.410156,9150.480469,9084.870117,9085.389648,9085.389648,79400
28-08-2012,9138.509766,9140.620117,8988.990234,9033.290039,9033.290039,124000
29-08-2012,9045.730469,9073.990234,9033.830078,9069.80957,9069.80957,107600
30-08-2012,9062.070313,9062.070313,8960.240234,8983.780273,8983.780273,98200
31-08-2012,8891.75,8933.990234,8839.910156,8839.910156,8839.910156,122800
03-09-2012,8836.610352,8893.389648,8773.400391,8783.889648,8783.889648,123400
04-09-2012,8787.969727,8804.44043,8729.219727,8775.509766,8775.509766,110800
05-09-2012,8756.589844,8759.259766,8679.820313,8679.820313,8679.820313,111800
06-09-2012,8690.339844,8697,8646.030273,8680.570313,8680.570313,119200
07-09-2012,8821.370117,8871.650391,8804.269531,8871.650391,8871.650391,157200
10-09-2012,8853.19043,8874.540039,8838.179688,8869.370117,8869.370117,111800
11-09-2012,8811.330078,8814.030273,8769.469727,8807.379883,8807.379883,95400
12-09-2012,8827.209961,8959.959961,8821.799805,8959.959961,8959.959961,116200
13-09-2012,8950.009766,9022.200195,8932.099609,8995.150391,8995.150391,95000
14-09-2012,9097.919922,9193.269531,9081.799805,9159.389648,9159.389648,198000
18-09-2012,9155.490234,9180.44043,9120.610352,9123.769531,9123.769531,137600
19-09-2012,9166.519531,9288.530273,9140.75,9232.209961,9232.209961,157200
20-09-2012,9174.19043,9215.570313,9079.19043,9086.980469,9086.980469,144600
21-09-2012,9113.299805,9159.330078,9103.950195,9110,9110,121800
24-09-2012,9071.320313,9091.969727,9031.129883,9069.290039,9069.290039,105800
25-09-2012,9031.370117,9112.540039,9023.629883,9091.540039,9091.540039,128400
26-09-2012,8941.75,8971.75,8894.019531,8906.700195,8906.700195,109200
27-09-2012,8856.30957,8959.25,8844.05957,8949.870117,8949.870117,124800
28-09-2012,8986.629883,8989.080078,8838.849609,8870.160156,8870.160156,135600
01-10-2012,8815.070313,8829.349609,8759.070313,8796.509766,8796.509766,99000
02-10-2012,8826.360352,8843.330078,8774.75,8786.049805,8786.049805,98200
03-10-2012,8778.259766,8806.75,8729.55957,8746.870117,8746.870117,103600
04-10-2012,8783.129883,8865.919922,8738.30957,8824.589844,8824.589844,123400
05-10-2012,8850.290039,8880.230469,8805.790039,8863.299805,8863.299805,112000
09-10-2012,8822.389648,8840.69043,8765.549805,8769.589844,8769.589844,124400
10-10-2012,8650.549805,8660.679688,8578.25,8596.230469,8596.230469,122400
11-10-2012,8514.629883,8607.419922,8514.629883,8546.780273,8546.780273,133000
12-10-2012,8607.700195,8620.179688,8516.110352,8534.120117,8534.120117,139400
15-10-2012,8517.769531,8595.110352,8488.139648,8577.929688,8577.929688,126800
16-10-2012,8638.679688,8707.950195,8633.679688,8701.30957,8701.30957,119800
17-10-2012,8777.389648,8837.19043,8758.700195,8806.549805,8806.549805,139600
18-10-2012,8886.55957,8992.360352,8877.169922,8982.860352,8982.860352,165000
19-10-2012,8944.030273,9016.900391,8940.379883,9002.679688,9002.679688,134600
22-10-2012,8874.519531,9031.549805,8867.790039,9010.709961,9010.709961,118200
23-10-2012,9066.030273,9075.580078,8970.5,9014.25,9014.25,116400
24-10-2012,8896.410156,9043.799805,8896.410156,8954.299805,8954.299805,133000
25-10-2012,8952.129883,9057.30957,8941.849609,9055.200195,9055.200195,115600
26-10-2012,9058.929688,9075.589844,8933.05957,8933.05957,8933.05957,132000
29-10-2012,8958.790039,8986.049805,8909.370117,8929.339844,8929.339844,97200
30-10-2012,8941.820313,8995.80957,8841.980469,8841.980469,8841.980469,149200
31-10-2012,8911.080078,8985.580078,8905.44043,8928.290039,8928.290039,135400
01-11-2012,8931.709961,8976.080078,8871.480469,8946.870117,8946.870117,140600
02-11-2012,9049.219727,9072.389648,9031.429688,9051.219727,9051.219727,137800
05-11-2012,9000.80957,9040.179688,8984.69043,9007.44043,9007.44043,101400
06-11-2012,8989.580078,8990.349609,8957.490234,8975.150391,8975.150391,104800
07-11-2012,9030.55957,9032.320313,8924.410156,8972.889648,8972.889648,131000
08-11-2012,8868.419922,8891.080078,8811.410156,8837.150391,8837.150391,106400
09-11-2012,8742.679688,8779.240234,8729.450195,8757.599609,8757.599609,104000
12-11-2012,8701.280273,8728.849609,8676.44043,8676.44043,8676.44043,86400
13-11-2012,8710.519531,8723.459961,8619.450195,8661.049805,8661.049805,94800
14-11-2012,8660.269531,8680.400391,8653.490234,8664.730469,8664.730469,81000
15-11-2012,8703.820313,8829.719727,8684.230469,8829.719727,8829.719727,161400
16-11-2012,8898.330078,9032.349609,8898.330078,9024.160156,9024.160156,199000
19-11-2012,9141.269531,9183.459961,9135.290039,9153.200195,9153.200195,143000
20-11-2012,9198.419922,9200.849609,9129.429688,9142.639648,9142.639648,133600
21-11-2012,9213.730469,9248.980469,9161.209961,9222.519531,9222.519531,134800
22-11-2012,9336.320313,9366.799805,9304.719727,9366.799805,9366.799805,147400
26-11-2012,9466.05957,9487.94043,9388.94043,9388.94043,9388.94043,151600
27-11-2012,9371.129883,9449.719727,9370.589844,9423.299805,9423.299805,136800
28-11-2012,9375.480469,9407.620117,9308.349609,9308.349609,9308.349609,118600
29-11-2012,9370.290039,9412.080078,9350.400391,9400.879883,9400.879883,113400
30-11-2012,9446.769531,9492.910156,9380.25,9446.009766,9446.009766,159800
03-12-2012,9484.200195,9525.820313,9453.480469,9458.179688,9458.179688,110000
04-12-2012,9419.150391,9457.19043,9406.030273,9432.459961,9432.459961,104000
05-12-2012,9380.370117,9515.860352,9376.969727,9468.839844,9468.839844,116000
06-12-2012,9535.69043,9565.429688,9503.30957,9545.160156,9545.160156,123200
07-12-2012,9547.139648,9572.75,9522.129883,9527.389648,9527.389648,133800
10-12-2012,9584.459961,9584.459961,9517.400391,9533.75,9533.75,115200
11-12-2012,9510.599609,9534.179688,9487.950195,9525.320313,9525.320313,97200
12-12-2012,9606.25,9606.25,9565.950195,9581.459961,9581.459961,129400
13-12-2012,9681.200195,9767.049805,9672.469727,9742.730469,9742.730469,212000
14-12-2012,9703.55957,9775.75,9687.700195,9737.55957,9737.55957,247400
17-12-2012,9895.679688,9903.349609,9826.299805,9828.879883,9828.879883,213600
18-12-2012,9848.870117,9967.240234,9848.870117,9923.009766,9923.009766,260400
19-12-2012,10025.40039,10160.40039,10016.98047,10160.40039,10160.40039,277400
20-12-2012,10093.11035,10147.67969,10028.65039,10039.33008,10039.33008,274800
21-12-2012,10145.58008,10175.05957,9924.419922,9940.05957,9940.05957,256600
25-12-2012,10092.34961,10119.34961,10030.44043,10080.12012,10080.12012,141800
26-12-2012,10131.21973,10230.36035,10107.33984,10230.36035,10230.36035,182000
27-12-2012,10295.25977,10376.38965,10288.84961,10322.98047,10322.98047,235200
28-12-2012,10406.36035,10433.62988,10374.84961,10395.17969,10395.17969,202800
04-01-2013,10604.5,10734.23047,10602.24023,10688.11035,10688.11035,219000
07-01-2013,10743.69043,10743.69043,10589.7002,10599.00977,10599.00977,187800
08-01-2013,10544.20996,10602.12012,10463.42969,10508.05957,10508.05957,211400
09-01-2013,10405.66992,10620.7002,10398.61035,10578.57031,10578.57031,215000
10-01-2013,10635.11035,10686.12012,10619.65039,10652.63965,10652.63965,268600
11-01-2013,10786.13965,10830.42969,10748.05957,10801.57031,10801.57031,236600
15-01-2013,10914.65039,10952.30957,10851.66016,10879.08008,10879.08008,215000
16-01-2013,10806.41016,10806.41016,10591.29981,10600.44043,10600.44043,226000
17-01-2013,10660.94043,10694.84961,10432.96973,10609.63965,10609.63965,268400
18-01-2013,10791.96973,10913.29981,10787.12012,10913.29981,10913.29981,286600
21-01-2013,10941.4502,10941.4502,10747.74023,10747.74023,10747.74023,207400
22-01-2013,10765.09961,10859.41992,10615.2002,10709.92969,10709.92969,248000
23-01-2013,10575.59961,10663.08984,10486.99023,10486.99023,10486.99023,198800
24-01-2013,10441.11035,10634.74023,10441.11035,10620.87012,10620.87012,211200
25-01-2013,10797.29981,10926.65039,10790.9502,10926.65039,10926.65039,220600
28-01-2013,11002.86035,11002.86035,10824.30957,10824.30957,10824.30957,198200
29-01-2013,10751.00977,10937.62988,10751.00977,10866.71973,10866.71973,238400
30-01-2013,10913.96973,11113.9502,10905.63965,11113.9502,11113.9502,202800
31-01-2013,11057.5,11145.37988,11007.76953,11138.66016,11138.66016,275800
01-02-2013,11193.71973,11237.83984,11142.25977,11191.33984,11191.33984,278200
04-02-2013,11254.16016,11285.49023,11194.74023,11260.34961,11260.34961,354200
05-02-2013,11105.24023,11170.84961,11046.91992,11046.91992,11046.91992,385200
06-02-2013,11236.7002,11498.41992,11232.04981,11463.75,11463.75,353400
07-02-2013,11406.32031,11446.80957,11295.62012,11357.07031,11357.07031,404400
08-02-2013,11179.96973,11299.70996,11135.88965,11153.16016,11153.16016,328000
12-02-2013,11346.71973,11460.63965,11343.44043,11369.12012,11369.12012,301200
13-02-2013,11333.71973,11365.26953,11196.66016,11251.41016,11251.41016,275400
14-02-2013,11273.40039,11356.54004,11243.49023,11307.28027,11307.28027,280000
15-02-2013,11239.20996,11261.58008,11065.05957,11173.83008,11173.83008,346200
18-02-2013,11318.21973,11445.45996,11308.83008,11407.87012,11407.87012,238400
19-02-2013,11336.4502,11412.86035,11336.4502,11372.33984,11372.33984,190000
20-02-2013,11485.65039,11510.51953,11440.09961,11468.28027,11468.28027,202000
21-02-2013,11404.73047,11442.11035,11301.76953,11309.12988,11309.12988,196200
22-02-2013,11238.75,11390.65039,11175.66992,11385.94043,11385.94043,248000
25-02-2013,11564.54981,11662.51953,11562.09961,11662.51953,11662.51953,240800
26-02-2013,11449.66016,11520.24023,11374.83008,11398.80957,11398.80957,268000
27-02-2013,11418.55957,11419.62012,11253.96973,11253.96973,11253.96973,193200
28-02-2013,11396.73047,11563.75,11392.55957,11559.36035,11559.36035,217200
01-03-2013,11464.70996,11648.62988,11464.70996,11606.37988,11606.37988,190200
04-03-2013,11695.4502,11767.67969,11613.58984,11652.29004,11652.29004,205200
05-03-2013,11732.57031,11779.41992,11666.37988,11683.4502,11683.4502,198800
06-03-2013,11811.05957,11933.82031,11803.08984,11932.26953,11932.26953,201000
07-03-2013,12037.25,12069.59961,11946.00977,11968.08008,11968.08008,216000
08-03-2013,12066.5,12283.62012,12065.08984,12283.62012,12283.62012,364600
11-03-2013,12363.08984,12403.9502,12300.83008,12349.04981,12349.04981,332400
12-03-2013,12433.59961,12461.96973,12314.80957,12314.80957,12314.80957,306400
13-03-2013,12252.29004,12339.4502,12234.48047,12239.66016,12239.66016,196000
14-03-2013,12332.16016,12395.73047,12248.65039,12381.19043,12381.19043,171600
15-03-2013,12437.67969,12560.9502,12434.46973,12560.9502,12560.9502,251000
18-03-2013,12365.44043,12373.16992,12220.62988,12220.62988,12220.62988,195800
19-03-2013,12405.61035,12491.16016,12401.12012,12468.23047,12468.23047,165200
21-03-2013,12592,12650.25977,12586.05957,12635.69043,12635.69043,193400
22-03-2013,12498.50977,12522.04981,12338.53027,12338.53027,12338.53027,168000
25-03-2013,12507.61035,12594.36035,12480.41992,12546.45996,12546.45996,169800
26-03-2013,12461.79004,12540.12012,12456.04004,12471.62012,12471.62012,187600
27-03-2013,12476.58008,12502.25977,12442.38965,12493.79004,12493.79004,153000
28-03-2013,12457.12988,12462.86035,12286.37012,12335.95996,12335.95996,204600
29-03-2013,12405.53027,12425.95996,12319.75,12397.91016,12397.91016,181600
01-04-2013,12371.33984,12384.83008,12133,12135.01953,12135.01953,198200
02-04-2013,12051.57031,12107.40039,11805.78027,12003.42969,12003.42969,274600
03-04-2013,12112.08984,12362.2002,12102.04981,12362.2002,12362.2002,235000
04-04-2013,12188.21973,12634.54004,12075.96973,12634.54004,12634.54004,309400
05-04-2013,12880.82031,13225.62012,12831.09961,12833.63965,12833.63965,477400
08-04-2013,13082.61035,13225.21973,13080.29004,13192.58984,13192.58984,313800
09-04-2013,13309.12988,13331.38965,13151.73047,13192.34961,13192.34961,287600
10-04-2013,13177.30957,13325.15039,13177.30957,13288.12988,13288.12988,359800
11-04-2013,13444.9502,13549.16016,13384.11035,13549.16016,13549.16016,368400
12-04-2013,13568.25,13568.25,13402.86035,13485.13965,13485.13965,352000
15-04-2013,13345.86035,13408.29004,13257.86035,13275.66016,13275.66016,321000
16-04-2013,13023.91016,13312.23047,13004.45996,13221.44043,13221.44043,321600
17-04-2013,13330.5,13397.5,13318.69043,13382.88965,13382.88965,277400
18-04-2013,13272.21973,13377.74023,13200.84961,13220.07031,13220.07031,305000
19-04-2013,13268.42969,13338.75,13186.88965,13316.48047,13316.48047,236000
22-04-2013,13537.16992,13611.58008,13529.44043,13568.37012,13568.37012,246200
23-04-2013,13545.59961,13585.34961,13505.53027,13529.65039,13529.65039,240200
24-04-2013,13687.28027,13843.45996,13686.78027,13843.45996,13843.45996,307400
25-04-2013,13887.53027,13974.25977,13827.95996,13926.08008,13926.08008,294400
26-04-2013,13978.98047,13983.87012,13852.2002,13884.12988,13884.12988,248400
30-04-2013,13854.82031,13897.05957,13778.75,13860.86035,13860.86035,237600
01-05-2013,13837.71973,13844.82031,13782,13799.34961,13799.34961,185400
02-05-2013,13727.25,13780.48047,13637.95996,13694.04004,13694.04004,180000
07-05-2013,13960.04004,14196.37988,13951.80957,14180.24023,14180.24023,217200
08-05-2013,14196.2002,14421.37988,14186.83008,14285.69043,14285.69043,252600
09-05-2013,14366.9502,14409.82031,14191.48047,14191.48047,14191.48047,268400
10-05-2013,14449.24023,14636.80957,14426.74023,14607.54004,14607.54004,312400
13-05-2013,14759.5,14849.00977,14727.7002,14782.20996,14782.20996,387200
14-05-2013,14822.55957,14839.79004,14755.08008,14758.41992,14758.41992,304600
15-05-2013,14962.33984,15108.83008,14956.37988,15096.03027,15096.03027,435000
16-05-2013,15146.04981,15155.71973,14879.50977,15037.24023,15037.24023,375200
17-05-2013,14926.41992,15157.32031,14902.29981,15138.12012,15138.12012,314400
20-05-2013,15260.61035,15381.74023,15245.79981,15360.80957,15360.80957,368000
21-05-2013,15264.79004,15388.37012,15264.41992,15381.01953,15381.01953,514200
22-05-2013,15440.69043,15706.62988,15432.63965,15627.25977,15627.25977,476800
23-05-2013,15739.98047,15942.59961,14483.98047,14483.98047,14483.98047,595200
24-05-2013,14731.75,15007.5,13981.51953,14612.4502,14612.4502,461200
27-05-2013,14373.82031,14381.28027,14027.41992,14142.65039,14142.65039,307400
28-05-2013,13943.62012,14399.78027,13943.62012,14311.98047,14311.98047,336200
29-05-2013,14492.54981,14512.28027,14243.49023,14326.45996,14326.45996,297000
30-05-2013,14072.90039,14098.16016,13555.66016,13589.03027,13589.03027,321600
31-05-2013,13804.23047,13916.55957,13681.38965,13774.54004,13774.54004,280600
03-06-2013,13551.36035,13562.87012,13261.82031,13261.82031,13261.82031,282200
04-06-2013,13186.59961,13610.25,13060.94043,13533.75977,13533.75977,378200
05-06-2013,13566.75,13711.41992,13011.16016,13014.87012,13014.87012,303800
06-06-2013,12925.29004,13238.53027,12862.01953,12904.01953,12904.01953,314000
07-06-2013,12706.41016,13106.2002,12548.2002,12877.53027,12877.53027,324400
10-06-2013,13141.84961,13514.2002,13141.37012,13514.2002,13514.2002,241400
11-06-2013,13504.76953,13584.30957,13296.30957,13317.62012,13317.62012,260200
12-06-2013,13087.66016,13332.71973,12994.08008,13289.32031,13289.32031,205600
13-06-2013,13038.01953,13050.11035,12415.84961,12445.37988,12445.37988,240800
14-06-2013,12668.90039,12900.65039,12629.30957,12686.51953,12686.51953,278200
17-06-2013,12584.37012,13033.12012,12549.82031,13033.12012,13033.12012,171800
18-06-2013,13015.15039,13139.48047,12919.03027,13007.28027,13007.28027,158800
19-06-2013,13233.08008,13296.62012,13107.65039,13245.21973,13245.21973,202000
20-06-2013,13101.84961,13190.82031,12966.41016,13014.58008,13014.58008,200600
21-06-2013,12787.87012,13330.34961,12702.66992,13230.12988,13230.12988,241000
24-06-2013,13417.54004,13426.12988,13026.23047,13062.78027,13062.78027,162600
25-06-2013,13081.62012,13234.88965,12758.21973,12969.33984,12969.33984,199200
26-06-2013,13152.75,13189.83984,12826.50977,12834.00977,12834.00977,173400
27-06-2013,12968.71973,13213.54981,12873.5,13213.54981,13213.54981,182400
28-06-2013,13383.91992,13724.44043,13354.7002,13677.32031,13677.32031,234400
01-07-2013,13746.71973,13862.70996,13562.7002,13852.5,13852.5,172200
02-07-2013,13969.15039,14098.74023,13898.54004,14098.74023,14098.74023,214200
03-07-2013,14149.99023,14164.76953,13984.08008,14055.55957,14055.55957,200600
04-07-2013,13970.26953,14093.01953,13962.29981,14018.92969,14018.92969,143600
05-07-2013,14150.84961,14309.96973,14149.5,14309.96973,14309.96973,179400
08-07-2013,14491.07031,14497.65039,14109.33984,14109.33984,14109.33984,220400
09-07-2013,14295.44043,14472.90039,14186.03027,14472.90039,14472.90039,197600
10-07-2013,14464.82031,14555.33008,14287.69043,14416.59961,14416.59961,178200
11-07-2013,14275.25977,14496.66992,14275.25977,14472.58008,14472.58008,167400
12-07-2013,14475.16992,14574.16992,14417.29981,14506.25,14506.25,185000
16-07-2013,14594.87988,14638.79981,14550.88965,14599.12012,14599.12012,186000
17-07-2013,14491.79981,14615.04004,14460.55957,14615.04004,14615.04004,247600
18-07-2013,14645.25,14827.73047,14645.25,14808.5,14808.5,191200
19-07-2013,14909.75977,14953.29004,14413.28027,14589.91016,14589.91016,269400
22-07-2013,14770.01953,14770.01953,14514.29004,14658.04004,14658.04004,177400
23-07-2013,14555.36035,14820.17969,14549.05957,14778.50977,14778.50977,163000
24-07-2013,14719.63965,14751.87012,14630.67969,14731.28027,14731.28027,143000
25-07-2013,14747.20996,14748.76953,14533.20996,14562.92969,14562.92969,158200
26-07-2013,14339.38965,14376.00977,14114.51953,14129.98047,14129.98047,196000
29-07-2013,13899.26953,13953.84961,13661.12988,13661.12988,13661.12988,184600
30-07-2013,13634.2002,13909.4502,13613.78027,13869.82031,13869.82031,183400
31-07-2013,13733.54981,13836.03027,13644.20996,13668.32031,13668.32031,186500
01-08-2013,13674.5,14005.76953,13645.61035,14005.76953,14005.76953,195700
02-08-2013,14178.66016,14466.16016,14146.91992,14466.16016,14466.16016,193500
05-08-2013,14318.20996,14370.98047,14225.5,14258.04004,14258.04004,134100
06-08-2013,14237.09961,14401.05957,14031.61035,14401.05957,14401.05957,154000
07-08-2013,14155.9502,14164.7002,13824.94043,13824.94043,13824.94043,178500
08-08-2013,13779.46973,14031.13965,13556.65039,13605.55957,13605.55957,167700
09-08-2013,13673.49023,13754.95996,13527.80957,13615.19043,13615.19043,159100
12-08-2013,13469.7002,13658.86035,13430.63965,13519.42969,13519.42969,117700
13-08-2013,13696.36035,13867,13689.49023,13867,13867,126100
14-08-2013,13936.74023,14050.16016,13747.17969,14050.16016,14050.16016,152600
15-08-2013,13845.63965,13981.16016,13711.12012,13752.94043,13752.94043,137800
16-08-2013,13532.61035,13739.51953,13532.61035,13650.11035,13650.11035,129600
19-08-2013,13669.74023,13758.12988,13589.78027,13758.12988,13758.12988,96900
20-08-2013,13632.95996,13730.08984,13383.17969,13396.37988,13396.37988,138000
21-08-2013,13431.28027,13499.99023,13250.36035,13424.33008,13424.33008,148300
22-08-2013,13314.04981,13447.33008,13238.73047,13365.16992,13365.16992,133200
23-08-2013,13583.75977,13774.66016,13575.40039,13660.54981,13660.54981,164200
26-08-2013,13719.55957,13741.49023,13586.83984,13636.28027,13636.28027,104100
27-08-2013,13551.75,13678.79004,13517.09961,13542.37012,13542.37012,116800
28-08-2013,13285.03027,13392.57031,13188.13965,13338.45996,13338.45996,132800
29-08-2013,13382.9502,13463.13965,13364.82031,13459.70996,13459.70996,121400
30-08-2013,13573.24023,13615.98047,13335.91016,13388.86035,13388.86035,156600
02-09-2013,13438.07031,13613.48047,13407.53027,13572.91992,13572.91992,112600
03-09-2013,13748.67969,13978.44043,13748.67969,13978.44043,13978.44043,162400
04-09-2013,13875.16992,14056.87988,13843.61035,14053.87012,14053.87012,138400
05-09-2013,14140.2002,14156.5,13981.51953,14064.82031,14064.82031,146600
06-09-2013,14088.41016,14099.12988,13834.51953,13860.80957,13860.80957,139800
09-09-2013,14141.66992,14251.45996,14117.67969,14205.23047,14205.23047,173500
10-09-2013,14318.71973,14441.80957,14296.78027,14423.36035,14423.36035,209900
11-09-2013,14511.74023,14561.45996,14422.71973,14425.07031,14425.07031,170000
12-09-2013,14397.90039,14455.37012,14321.57031,14387.26953,14387.26953,118400
13-09-2013,14316.7002,14439.92969,14233.12012,14404.66992,14404.66992,180600
17-09-2013,14456.99023,14474.53027,14311.66992,14311.66992,14311.66992,121300
18-09-2013,14411.54981,14625.96973,14396.41016,14505.36035,14505.36035,155900
19-09-2013,14680.40039,14766.17969,14581.79004,14766.17969,14766.17969,174600
20-09-2013,14801.63965,14816.65039,14702.25,14742.41992,14742.41992,162500
24-09-2013,14742.41992,14767.71973,14607.26953,14732.61035,14732.61035,114900
25-09-2013,14713.03027,14737.98047,14620.53027,14620.53027,14620.53027,151000
26-09-2013,14553.05957,14799.12012,14410.51953,14799.12012,14799.12012,156600
27-09-2013,14803.99023,14817.5,14699.20996,14760.07031,14760.07031,162100
30-09-2013,14530.62012,14619.24023,14425.82031,14455.79981,14455.79981,157300
01-10-2013,14517.98047,14642.96973,14471.7002,14484.71973,14484.71973,153000
02-10-2013,14492.46973,14569.2002,14114.54004,14170.49023,14170.49023,173500
03-10-2013,14140.11035,14219.88965,14082.30957,14157.25,14157.25,145300
04-10-2013,14029.73047,14149.76953,13944.26953,14024.30957,14024.30957,145300
07-10-2013,14057.79004,14073.23047,13841.92969,13853.32031,13853.32031,146100
08-10-2013,13794.74023,13929.63965,13748.94043,13894.61035,13894.61035,163700
09-10-2013,13789.88965,14037.83984,13751.84961,14037.83984,14037.83984,162100
10-10-2013,14097.62012,14200.30957,14077.03027,14194.70996,14194.70996,143200
11-10-2013,14376.88965,14447.87012,14320.29981,14404.74023,14404.74023,169900
15-10-2013,14404.74023,14510.37012,14404.74023,14441.54004,14441.54004,125600
16-10-2013,14433.63965,14493.66992,14417.61035,14467.13965,14467.13965,116200
17-10-2013,14640.08008,14664.21973,14492.66992,14586.50977,14586.50977,135600
18-10-2013,14589.59961,14610.08984,14503.08984,14561.54004,14561.54004,120100
21-10-2013,14624.03027,14727.84961,14624.03027,14693.57031,14693.57031,99100
22-10-2013,14677.08008,14747.76953,14641.78027,14713.25,14713.25,99200
23-10-2013,14784.41016,14799.28027,14426.04981,14426.04981,14426.04981,153500
24-10-2013,14344.74023,14499.51953,14273.70996,14486.41016,14486.41016,144900
25-10-2013,14439.13965,14442.12012,14088.19043,14088.19043,14088.19043,139000
28-10-2013,14261.65039,14400.32031,14194.41992,14396.04004,14396.04004,109500
29-10-2013,14288.71973,14395.95996,14224.58984,14325.98047,14325.98047,135600
30-10-2013,14464.66992,14526.87988,14425.58008,14502.34961,14502.34961,156800
31-10-2013,14474.00977,14516.08008,14324.16992,14327.94043,14327.94043,158400
01-11-2013,14403.07031,14411.04981,14126.41016,14201.57031,14201.57031,170800
05-11-2013,14319.75,14323.24023,14141.82031,14225.37012,14225.37012,167100
06-11-2013,14155.33984,14407.69043,14130.86035,14337.30957,14337.30957,142200
07-11-2013,14355.55957,14371.55957,14222.03027,14228.44043,14228.44043,111600
08-11-2013,14026.16992,14122.28027,14026.16992,14086.79981,14086.79981,117800
11-11-2013,14271.48047,14304.29004,14208.12988,14269.83984,14269.83984,113500
12-11-2013,14289.87012,14588.67969,14278.20996,14588.67969,14588.67969,157600
13-11-2013,14527.96973,14599.53027,14490.91992,14567.16016,14567.16016,170200
14-11-2013,14665.75,14966.42969,14665.75,14876.41016,14876.41016,190100
15-11-2013,15034.33008,15203.11035,14994.7002,15165.91992,15165.91992,212600
18-11-2013,15253.24023,15273.61035,15106.82031,15164.29981,15164.29981,180100
19-11-2013,15096.62988,15163.05957,15020.33008,15126.55957,15126.55957,130200
20-11-2013,15176.34961,15209.66992,15069.98047,15076.08008,15076.08008,142500
21-11-2013,15176.65039,15377,15168.46973,15365.59961,15365.59961,168200
22-11-2013,15513.4502,15579.38965,15307.44043,15381.71973,15381.71973,211200
25-11-2013,15504.78027,15619.12988,15469.87012,15619.12988,15619.12988,176400
26-11-2013,15501.9502,15577.96973,15460.96973,15515.24023,15515.24023,156700
27-11-2013,15414.51953,15512.75977,15414.51953,15449.62988,15449.62988,144700
28-11-2013,15622.19043,15729.08984,15605.73047,15727.12012,15727.12012,154000
29-11-2013,15661.42969,15727.95996,15507.16992,15661.87012,15661.87012,158300
02-12-2013,15659.74023,15703.01953,15579.54004,15655.07031,15655.07031,143200
03-12-2013,15747.54004,15794.15039,15661.90039,15749.66016,15749.66016,167200
04-12-2013,15520.2002,15579.36035,15326.05957,15407.94043,15407.94043,159000
05-12-2013,15354.53027,15430.2002,15139.12012,15177.49023,15177.49023,150700
06-12-2013,15112.54004,15327.37012,15112.54004,15299.86035,15299.86035,135300
09-12-2013,15556.59961,15650.20996,15547.29004,15650.20996,15650.20996,136900
10-12-2013,15633.96973,15633.96973,15562.05957,15611.30957,15611.30957,127200
11-12-2013,15509.92969,15562.29981,15386.11035,15515.05957,15515.05957,129200
12-12-2013,15377.32031,15392.66016,15255.36035,15341.82031,15341.82031,132300
13-12-2013,15316.88965,15532.94043,15251.4502,15403.11035,15403.11035,246200
16-12-2013,15408.34961,15408.34961,15146.12988,15152.91016,15152.91016,139600
17-12-2013,15290.21973,15322.12988,15248.41992,15278.62988,15278.62988,120400
18-12-2013,15273.24023,15588.41992,15268.17969,15587.79981,15587.79981,175200
19-12-2013,15809.42969,15891.82031,15798.84961,15859.21973,15859.21973,190300
20-12-2013,15790.69043,15870.41992,15755.36035,15870.41992,15870.41992,165000
24-12-2013,15870.41992,16029.65039,15849,15889.33008,15889.33008,163000
25-12-2013,15861.12988,16010.54004,15853.50977,16009.99023,16009.99023,147400
26-12-2013,16087.07031,16186.04004,16082.28027,16174.44043,16174.44043,170200
27-12-2013,16229.42969,16232.69043,16056.73047,16178.94043,16178.94043,170600
30-12-2013,16269.21973,16320.21973,16182.70996,16291.30957,16291.30957,182100
06-01-2014,16147.54004,16164.00977,15864.44043,15908.87988,15908.87988,192700
07-01-2014,15835.41016,15935.37012,15784.25,15814.37012,15814.37012,165900
08-01-2014,15943.67969,16121.4502,15906.57031,16121.4502,16121.4502,206700
09-01-2014,16002.87988,16004.55957,15838.44043,15880.33008,15880.33008,217400
10-01-2014,15785.15039,15922.13965,15754.7002,15912.05957,15912.05957,237500
14-01-2014,15912.05957,15912.05957,15383.69043,15422.40039,15422.40039,214500
15-01-2014,15649.07031,15808.73047,15636.57031,15808.73047,15808.73047,185800
16-01-2014,15845.15039,15941.08008,15710.13965,15747.2002,15747.2002,214200
17-01-2014,15695.45996,15783.37012,15621.79981,15734.45996,15734.45996,180100
20-01-2014,15724.13965,15727.25977,15574.23047,15641.67969,15641.67969,142200
21-01-2014,15710.88965,15894.67969,15705.83984,15795.95996,15795.95996,154300
22-01-2014,15749.00977,15870.53027,15631.41016,15820.95996,15820.95996,185300
23-01-2014,15900.62988,15958.58008,15690.4502,15695.88965,15695.88965,206900
24-01-2014,15473.57031,15485.01953,15288.32031,15391.55957,15391.55957,221000
27-01-2014,15091.4502,15109.67969,14933.54981,15005.73047,15005.73047,223900
28-01-2014,15038.63965,15088.12012,14952.83008,14980.16016,14980.16016,183100
29-01-2014,15164.33984,15383.91016,15159.91992,15383.91016,15383.91016,164800
30-01-2014,15112.7002,15112.7002,14853.83008,15007.05957,15007.05957,221200
31-01-2014,15132.23047,15143.87988,14764.57031,14914.53027,14914.53027,217400
03-02-2014,14788.55957,14846.92969,14615.04981,14619.12988,14619.12988,202800
04-02-2014,14353.33008,14355.91992,14008.46973,14008.46973,14008.46973,294300
05-02-2014,14213.09961,14245.05957,13995.86035,14180.37988,14180.37988,280200
06-02-2014,14233.41992,14308.07031,14155.12012,14155.12012,14155.12012,192900
07-02-2014,14387.11035,14471.9502,14356.58984,14462.41016,14462.41016,186100
10-02-2014,14647.83008,14725.91992,14568.29981,14718.33984,14718.33984,149800
12-02-2014,14821.73047,14874.79004,14769.04004,14800.05957,14800.05957,165100
13-02-2014,14785.83984,14787.62012,14488.32031,14534.74023,14534.74023,148400
14-02-2014,14538.2002,14678.70996,14243.16992,14313.03027,14313.03027,204200
17-02-2014,14343.73047,14427.9502,14214.59961,14393.11035,14393.11035,149000
18-02-2014,14514.46973,14900.24023,14469.49023,14843.24023,14843.24023,206500
19-02-2014,14729.48047,14805.66016,14679.19043,14766.53027,14766.53027,153900
20-02-2014,14701.13965,14731.48047,14428.73047,14449.17969,14449.17969,172000
21-02-2014,14618.61035,14888.80957,14618.61035,14865.66992,14865.66992,138700
24-02-2014,14803.63965,14982.53027,14658.13965,14837.67969,14837.67969,159500
25-02-2014,15002.50977,15094.54004,14957.49023,15051.59961,15051.59961,139500
26-02-2014,14896.49023,15084.53027,14896.49023,14970.96973,14970.96973,126600
27-02-2014,14939.87012,15015.00977,14844.37012,14923.11035,14923.11035,160300
28-02-2014,14929.54981,14943.65039,14735.51953,14841.07031,14841.07031,160500
03-03-2014,14666.92969,14684.7002,14443.09961,14652.23047,14652.23047,146900
04-03-2014,14553.9502,14750.08984,14546.33984,14721.48047,14721.48047,125600
05-03-2014,14905.9502,14992.19043,14897.62988,14897.62988,14897.62988,134000
06-03-2014,14933.75977,15203.12012,14871.55957,15134.75,15134.75,150000
07-03-2014,15280.75977,15312.59961,15145.58984,15274.07031,15274.07031,138500
10-03-2014,15197.53027,15266.12012,15088.11035,15120.13965,15120.13965,121100
11-03-2014,15179.46973,15256.03027,15124.36035,15224.11035,15224.11035,119100
12-03-2014,15003.79981,15020.13965,14828.17969,14830.38965,14830.38965,141300
13-03-2014,14847.71973,14919.83984,14790.48047,14815.98047,14815.98047,116200
14-03-2014,14526.28027,14539.59961,14280.75,14327.66016,14327.66016,236100
17-03-2014,14254.32031,14359.16016,14203.20996,14277.66992,14277.66992,138000
18-03-2014,14491.41016,14533.25,14399.71973,14411.26953,14411.26953,114000
19-03-2014,14495.73047,14663.54004,14302.37012,14462.51953,14462.51953,153600
20-03-2014,14548.75977,14548.75977,14207.83008,14224.23047,14224.23047,158700
24-03-2014,14297.58008,14514.28027,14287.28027,14475.29981,14475.29981,196200
25-03-2014,14401.69043,14531.79004,14312.08008,14423.19043,14423.19043,186000
26-03-2014,14521,14569.90039,14401.41992,14477.16016,14477.16016,166600
27-03-2014,14305.66992,14659.84961,14227.80957,14622.88965,14622.88965,179000
28-03-2014,14576.25,14713.4502,14520.57031,14696.03027,14696.03027,149300
31-03-2014,14839.54004,14843.66992,14718.00977,14827.83008,14827.83008,141600
01-04-2014,14870.50977,14870.50977,14751.29004,14791.99023,14791.99023,139200
02-04-2014,14897.87988,15069.61035,14893.16992,14946.32031,14946.32031,162400
03-04-2014,15009.17969,15164.38965,14976.36035,15071.87988,15071.87988,134400
04-04-2014,15005.54004,15098.37988,15000.69043,15063.76953,15063.76953,97100
07-04-2014,14880.82031,14895.58008,14764.37012,14808.84961,14808.84961,112800
08-04-2014,14715.79981,14740.09961,14605.30957,14606.87988,14606.87988,130400
09-04-2014,14436.04981,14502.01953,14279.33984,14299.69043,14299.69043,162500
10-04-2014,14484.54004,14513.13965,14234.4502,14300.12012,14300.12012,128900
11-04-2014,14027.79981,14065.96973,13885.11035,13960.04981,13960.04981,174700
14-04-2014,13887.23047,14008.29004,13885.21973,13910.16016,13910.16016,121100
15-04-2014,14068.75,14096.86035,13969.16992,13996.80957,13996.80957,120800
16-04-2014,14126.87012,14420.29981,14125.58984,14417.67969,14417.67969,143600
17-04-2014,14395.9502,14500.66016,14351.84961,14417.53027,14417.53027,127900
18-04-2014,14489.37012,14536.66992,14442.74023,14516.26953,14516.26953,78200
21-04-2014,14549.4502,14649.5,14503.16992,14512.37988,14512.37988,95300
22-04-2014,14586.29004,14604.29981,14388.76953,14388.76953,14388.76953,99300
23-04-2014,14480.41016,14546.26953,14459.29004,14546.26953,14546.26953,103200
24-04-2014,14563.25,14563.25,14367.12988,14404.99023,14404.99023,106300
25-04-2014,14369.71973,14554.32031,14327.59961,14429.25977,14429.25977,115000
28-04-2014,14289.82031,14324.03027,14224.46973,14288.23047,14288.23047,97400
30-04-2014,14288.23047,14421.21973,14275.69043,14304.11035,14304.11035,125100
01-05-2014,14341.08984,14493.03027,14341.08984,14485.12988,14485.12988,129200
02-05-2014,14454.44043,14473.75,14405.76953,14457.50977,14457.50977,108600
07-05-2014,14457.50977,14457.50977,14033.4502,14033.4502,14033.4502,143200
08-05-2014,14136.41016,14254.44043,14108.16016,14163.78027,14163.78027,123000
09-05-2014,14101.98047,14266.29004,14091.2002,14199.58984,14199.58984,125300
12-05-2014,14173.49023,14234.49023,14130.29981,14149.51953,14149.51953,109200
13-05-2014,14367.94043,14464.00977,14359.74023,14425.44043,14425.44043,129900
14-05-2014,14385.59961,14419.65039,14349.87012,14405.75977,14405.75977,112700
15-05-2014,14280.50977,14306.36035,14190.26953,14298.20996,14298.20996,132600
16-05-2014,14087.75977,14108.44043,14016.49023,14096.58984,14096.58984,131300
19-05-2014,14130.08984,14150.5,13991.79981,14006.44043,14006.44043,114000
20-05-2014,14088.4502,14144.04004,14038.05957,14075.25,14075.25,123100
21-05-2014,13969.70996,14054.24023,13964.42969,14042.16992,14042.16992,121700
22-05-2014,14188.28027,14369.01953,14147.54981,14337.79004,14337.79004,160300
23-05-2014,14411.09961,14528.04004,14404.79981,14462.16992,14462.16992,142400
26-05-2014,14592.59961,14602.51953,14531.32031,14602.51953,14602.51953,106900
27-05-2014,14589.79004,14744.16016,14588.67969,14636.51953,14636.51953,129400
28-05-2014,14646.92969,14717.29004,14608.54004,14670.9502,14670.9502,120100
29-05-2014,14585.63965,14714.9502,14574.01953,14681.71973,14681.71973,122000
30-05-2014,14707.66016,14741.09961,14591.62012,14632.37988,14632.37988,175300
02-06-2014,14777.50977,14963.91016,14777.50977,14935.91992,14935.91992,130600
03-06-2014,15089.04004,15091.49023,15026.00977,15034.25,15034.25,145900
04-06-2014,15067.41016,15071.78027,14985.20996,15067.95996,15067.95996,132000
05-06-2014,15112.58984,15141.13965,15016.80957,15079.37012,15079.37012,127900
06-06-2014,15138.75,15144.33984,15042.58984,15077.24023,15077.24023,134800
09-06-2014,15204.30957,15206.57031,15116.03027,15124,15124,107300
10-06-2014,15130.74023,15184.76953,14966.79981,14994.79981,14994.79981,121300
11-06-2014,15000.12988,15075.71973,14998.62988,15069.48047,15069.48047,99500
12-06-2014,14942.15039,14992.95996,14862.08008,14973.53027,14973.53027,132400
13-06-2014,14830.99023,15121.63965,14830.99023,15097.83984,15097.83984,172200
16-06-2014,15049.61035,15056.75,14867.15039,14933.29004,14933.29004,116000
17-06-2014,14962.99023,15026.95996,14948.54004,14975.96973,14975.96973,107400
18-06-2014,15009.88965,15139.99023,14995.4502,15115.79981,15115.79981,118600
19-06-2014,15140.34961,15375.37988,15138.28027,15361.16016,15361.16016,189900
20-06-2014,15359.59961,15422.05957,15305.42969,15349.41992,15349.41992,190000
23-06-2014,15419.46973,15442.66992,15335.87988,15369.28027,15369.28027,120000
24-06-2014,15300.5,15424.57031,15252.26953,15376.24023,15376.24023,122700
25-06-2014,15297.24023,15347.87988,15265.70996,15266.61035,15266.61035,108400
26-06-2014,15320.12988,15345.12012,15278.21973,15308.49023,15308.49023,105400
27-06-2014,15290.75,15293.82031,15027.30957,15095,15095,131000
30-06-2014,15159.4502,15177.87012,15052.33984,15162.09961,15162.09961,102000
01-07-2014,15179.63965,15389.08008,15145.87012,15326.2002,15326.2002,137500
02-07-2014,15406.23047,15444.62988,15354.91016,15369.96973,15369.96973,116800
03-07-2014,15435.33984,15435.33984,15324.32031,15348.29004,15348.29004,114200
04-07-2014,15490.37012,15490.37012,15420.07031,15437.12988,15437.12988,108800
07-07-2014,15433.49023,15477.76953,15379.44043,15379.44043,15379.44043,84000
08-07-2014,15304.26953,15389.88965,15225.11035,15314.41016,15314.41016,117700
09-07-2014,15194.32031,15302.65039,15185.32031,15302.65039,15302.65039,118300
10-07-2014,15318.29981,15326.78027,15215.42969,15216.46973,15216.46973,112900
11-07-2014,15102.58984,15204.00977,15101.49023,15164.04004,15164.04004,123600
14-07-2014,15199.17969,15324.9502,15179.49023,15296.82031,15296.82031,96300
15-07-2014,15354.42969,15441.54004,15346.08984,15395.16016,15395.16016,101000
16-07-2014,15369.66016,15423.95996,15355,15379.29981,15379.29981,98200
17-07-2014,15422.87012,15465.74023,15347.84961,15370.25977,15370.25977,102500
18-07-2014,15174.08008,15220.5,15110.4502,15215.70996,15215.70996,92200
22-07-2014,15215.70996,15392.01953,15215.70996,15343.28027,15343.28027,115400
23-07-2014,15367.16016,15376.2002,15317.37012,15328.55957,15328.55957,100100
24-07-2014,15350.28027,15383.11035,15232.13965,15284.41992,15284.41992,122000
25-07-2014,15342.45996,15457.87012,15341.69043,15457.87012,15457.87012,119900
28-07-2014,15426.98047,15556.62012,15426.98047,15529.40039,15529.40039,115600
29-07-2014,15564.79004,15632.7002,15556.01953,15618.07031,15618.07031,98800
30-07-2014,15616.88965,15666.62012,15594.88965,15646.23047,15646.23047,117500
31-07-2014,15732.78027,15759.66016,15618.84961,15620.76953,15620.76953,154100
01-08-2014,15511.54004,15602.12988,15501.15039,15523.11035,15523.11035,143300
04-08-2014,15474.65039,15535.62012,15440.20996,15474.5,15474.5,123600
05-08-2014,15506.87012,15507.32031,15313.83984,15320.30957,15320.30957,131500
06-08-2014,15260,15271.13965,15121.42969,15159.79004,15159.79004,135500
07-08-2014,15138.71973,15243.05957,15061.99023,15232.37012,15232.37012,143100
08-08-2014,15063.73047,15074.32031,14753.83984,14778.37012,14778.37012,177200
11-08-2014,15022.63965,15161.54004,14973.70996,15130.51953,15130.51953,114600
12-08-2014,15164.73047,15235.98047,15125.92969,15161.30957,15161.30957,89300
13-08-2014,15111.75977,15235.90039,15108.53027,15213.62988,15213.62988,96300
14-08-2014,15284.37988,15338.84961,15272.90039,15314.57031,15314.57031,92700
15-08-2014,15317.15039,15328.33984,15276.99023,15318.33984,15318.33984,88700
18-08-2014,15318.5,15365.34961,15303.38965,15322.59961,15322.59961,77300
19-08-2014,15451.94043,15476.04981,15429.11035,15449.79004,15449.79004,94200
20-08-2014,15485.92969,15492.87988,15433.71973,15454.4502,15454.4502,92700
21-08-2014,15530.98047,15601.99023,15525.78027,15586.2002,15586.2002,117700
22-08-2014,15618.04981,15628.78027,15524.42969,15539.19043,15539.19043,102300
25-08-2014,15609.42969,15628.61035,15553.50977,15613.25,15613.25,81900
26-08-2014,15609.63965,15613.33984,15519.41992,15521.21973,15521.21973,86400
27-08-2014,15556.55957,15588.21973,15465.99023,15534.82031,15534.82031,102200
28-08-2014,15482.26953,15487.99023,15423.90039,15459.86035,15459.86035,99300
29-08-2014,15423.87988,15447.80957,15356,15424.58984,15424.58984,111000
01-09-2014,15454.58984,15478.76953,15440.99023,15476.59961,15476.59961,74800
02-09-2014,15526.94043,15737.36035,15516.5,15668.59961,15668.59961,122600
03-09-2014,15797.79004,15829.37988,15723.54004,15728.34961,15728.34961,137800
04-09-2014,15701.61035,15732.75977,15663.58984,15676.17969,15676.17969,110900
05-09-2014,15792.63965,15792.63965,15641.37012,15668.67969,15668.67969,109600
08-09-2014,15718.12988,15730.33008,15656.40039,15705.11035,15705.11035,95600
09-09-2014,15795.82031,15795.82031,15736.12988,15749.15039,15749.15039,106100
10-09-2014,15688.54981,15795.59961,15664.79004,15788.78027,15788.78027,109700
11-09-2014,15880.91016,15925.50977,15854.29981,15909.2002,15909.2002,130300
12-09-2014,15885.04004,15984.90039,15885.04004,15948.29004,15948.29004,183400
16-09-2014,15948.29004,15948.29004,15871.12012,15911.53027,15911.53027,121300
17-09-2014,15948.15039,15969.41016,15888.66992,15888.66992,15888.66992,114700
18-09-2014,16036.46973,16106.11035,16003.45996,16067.57031,16067.57031,143100
19-09-2014,16177.94043,16364.08008,16170.86035,16321.16992,16321.16992,171300
22-09-2014,16281.36035,16299.12988,16170.11035,16205.90039,16205.90039,129100
24-09-2014,16105.55957,16203.94043,16094.58984,16167.4502,16167.4502,133300
25-09-2014,16327.19043,16374.13965,16303.91016,16374.13965,16374.13965,148700
26-09-2014,16087.9502,16251.66992,16087.9502,16229.86035,16229.86035,127400
29-09-2014,16339.03027,16344.32031,16262,16310.63965,16310.63965,107900
30-09-2014,16252.71973,16252.71973,16058.71973,16173.51953,16173.51953,152500
01-10-2014,16173.38965,16225.95996,16081.00977,16082.25,16082.25,137100
02-10-2014,15895.2002,15922.50977,15646.40039,15661.99023,15661.99023,175400
03-10-2014,15616.48047,15708.65039,15559.07031,15708.65039,15708.65039,139700
06-10-2014,15882.28027,15970.65039,15808.21973,15890.9502,15890.9502,127600
07-10-2014,15841.16992,15913.51953,15755.57031,15783.83008,15783.83008,134800
08-10-2014,15574.59961,15643.62988,15520.80957,15595.98047,15595.98047,150200
09-10-2014,15681.53027,15732.32031,15461.08984,15478.92969,15478.92969,141000
10-10-2014,15292.87988,15345.78027,15221.83008,15300.54981,15300.54981,186100
14-10-2014,15300.54981,15300.54981,14919.70996,14936.50977,14936.50977,186200
15-10-2014,15009.75,15084.61035,14916.65039,15073.51953,15073.51953,152600
16-10-2014,14805.16016,14807.08008,14672.54981,14738.37988,14738.37988,198900
17-10-2014,14796.32031,14830.66992,14529.03027,14532.50977,14532.50977,178600
20-10-2014,14822.83984,15111.23047,14819.69043,15111.23047,15111.23047,162000
21-10-2014,15115.29004,15115.29004,14761.83984,14804.28027,14804.28027,143000
22-10-2014,15038.19043,15195.78027,15001.42969,15195.76953,15195.76953,137400
23-10-2014,15093.78027,15232.50977,15059.63965,15138.95996,15138.95996,119600
24-10-2014,15354.34961,15377.04981,15232,15291.63965,15291.63965,121800
27-10-2014,15404.28027,15424.04981,15333.70996,15388.71973,15388.71973,121000
28-10-2014,15363.28027,15374.45996,15263.36035,15329.91016,15329.91016,122300
29-10-2014,15442.38965,15595.29004,15394.79004,15553.91016,15553.91016,148800
30-10-2014,15596.5,15701.04004,15584.83008,15658.2002,15658.2002,184100
31-10-2014,15817.13965,16533.91016,15817.13965,16413.75977,16413.75977,268500
04-11-2014,16732.84961,17127.66016,16720.99023,16862.4707,16862.4707,335600
05-11-2014,16785.43945,16995.01953,16778.2793,16937.32031,16937.32031,232200
06-11-2014,16993.46094,17045.93945,16725.44922,16792.48047,16792.48047,199000
07-11-2014,16934.03906,16938.19922,16824.08008,16880.38086,16880.38086,153300
10-11-2014,16758.26953,16818.05078,16713.36914,16780.5293,16780.5293,125600
11-11-2014,16869.49023,17160.11914,16855.30078,17124.10938,17124.10938,154000
12-11-2014,17253.11914,17443.74023,17170,17197.05078,17197.05078,193300
13-11-2014,17192,17400.76953,17099.94922,17392.78906,17392.78906,159800
14-11-2014,17520.53906,17520.53906,17300.18945,17490.83008,17490.83008,196000
17-11-2014,17381.38086,17409.32031,16907.42969,16973.80078,16973.80078,192800
18-11-2014,17188.83984,17356.75977,17186.5,17344.06055,17344.06055,158100
19-11-2014,17384.31055,17472.57031,17280.75977,17288.75,17288.75,170100
20-11-2014,17407.68945,17407.68945,17270.69922,17300.85938,17300.85938,144000
21-11-2014,17285.7207,17381.58984,17108.19922,17357.50977,17357.50977,156300
25-11-2014,17357.50977,17490.39063,17357.50977,17407.61914,17407.61914,170600
26-11-2014,17347.9707,17432.57031,17335.99023,17383.58008,17383.58008,136500
27-11-2014,17310.49023,17346.84961,17212.48047,17248.5,17248.5,129100
28-11-2014,17340.16016,17471.90039,17330.83984,17459.84961,17459.84961,149100
01-12-2014,17475.09961,17649.01953,17474.26953,17590.09961,17590.09961,125900
02-12-2014,17481.06055,17687.69922,17476.41992,17663.2207,17663.2207,125200
03-12-2014,17772.15039,17881.75977,17696.35938,17720.42969,17720.42969,158700
04-12-2014,17881.91016,17912.58984,17813.00977,17887.21094,17887.21094,142200
05-12-2014,17821.84961,17922.28906,17759.35938,17920.44922,17920.44922,128900
08-12-2014,18004.66016,18030.83008,17869.74023,17935.64063,17935.64063,134700
09-12-2014,17820.24023,17892.16016,17773.30078,17813.38086,17813.38086,140400
10-12-2014,17623.34961,17658.14063,17308.82031,17412.58008,17412.58008,169600
11-12-2014,17180.49023,17289.73047,17043.63086,17257.40039,17257.40039,151400
12-12-2014,17317.68945,17526.18945,17298.18945,17371.58008,17371.58008,214500
15-12-2014,17111.49023,17258.32031,17037.21094,17099.40039,17099.40039,146400
16-12-2014,16862.41992,16895.39063,16714.83008,16755.32031,16755.32031,160300
17-12-2014,16689.33984,16891.01953,16672.93945,16819.73047,16819.73047,161300
18-12-2014,17142.94922,17274.23047,17136.41016,17210.05078,17210.05078,186300
19-12-2014,17511.00977,17621.40039,17471.59961,17621.40039,17621.40039,175800
22-12-2014,17685.5293,17692.58008,17572.61914,17635.14063,17635.14063,128500
24-12-2014,17842.03906,17875.41016,17800.41992,17854.23047,17854.23047,126400
25-12-2014,17804.83984,17832.4707,17773.58984,17808.75,17808.75,86400
26-12-2014,17778.91016,17843.73047,17769.00977,17818.96094,17818.96094,86500
29-12-2014,17914.55078,17914.55078,17525.66016,17729.83984,17729.83984,115200
30-12-2014,17702.11914,17713.75977,17450.76953,17450.76953,17450.76953,98300
05-01-2015,17702.11914,17713.75977,17219.2207,17408.71094,17408.71094,116500
06-01-2015,17101.58008,17111.35938,16881.73047,16883.18945,16883.18945,166000
07-01-2015,16808.25977,16974.60938,16808.25977,16885.33008,16885.33008,138600
08-01-2015,17067.40039,17243.71094,17016.08984,17167.09961,17167.09961,140600
09-01-2015,17318.74023,17342.65039,17129.5293,17197.73047,17197.73047,155200
13-01-2015,16970.88086,17087.71094,16828.26953,17087.71094,17087.71094,149200
14-01-2015,16961.82031,17036.7207,16770.56055,16795.96094,16795.96094,148500
15-01-2015,16872.94922,17141.98047,16856.2207,17108.69922,17108.69922,147700
16-01-2015,16812.96094,16864.33984,16592.57031,16864.16016,16864.16016,171100
19-01-2015,17000.7793,17039.80078,16911.58008,17014.28906,17014.28906,128000
20-01-2015,17071.65039,17366.30078,17066.76953,17366.30078,17366.30078,133000
21-01-2015,17308.7207,17329.0293,17181.55078,17280.48047,17280.48047,131900
22-01-2015,17306.64063,17355.74023,17229.21094,17329.01953,17329.01953,118200
23-01-2015,17520.63086,17532.06055,17460.75977,17511.75,17511.75,128500
26-01-2015,17285.71094,17471.93945,17285.71094,17468.51953,17468.51953,108300
27-01-2015,17649.40039,17768.41016,17633.4707,17768.30078,17768.30078,139700
28-01-2015,17615.92969,17850.58984,17615.92969,17795.73047,17795.73047,141900
29-01-2015,17666.91016,17778.83008,17575.09961,17606.2207,17606.2207,135800
30-01-2015,17788.74023,17808.4707,17661.09961,17674.39063,17674.39063,168300
02-02-2015,17536.60938,17628.40039,17459.44922,17558.03906,17558.03906,139700
03-02-2015,17654.59961,17654.59961,17271.86914,17335.84961,17335.84961,169700
04-02-2015,17549.30078,17743.10938,17535.03906,17678.74023,17678.74023,181400
05-02-2015,17589.21094,17619.33984,17484.66992,17504.61914,17504.61914,179500
06-02-2015,17696.17969,17700.66992,17603.07031,17648.5,17648.5,138200
09-02-2015,17790.31055,17799.49023,17653.60938,17711.92969,17711.92969,125600
10-02-2015,17662.66992,17673.26953,17550.0293,17652.67969,17652.67969,120200
12-02-2015,17652.67969,18005.44922,17652.67969,17979.7207,17979.7207,175800
13-02-2015,17892.09961,17962.10938,17864.55078,17913.35938,17913.35938,162000
16-02-2015,18024.00977,18074.25977,17978.90039,18004.76953,18004.76953,148000
17-02-2015,18103.98047,18123.00977,18092.32031,18123.00977,18123.00977,142100
18-02-2015,18103.98047,18202.60938,18092.32031,18199.16992,18199.16992,171600
19-02-2015,18237.34961,18322.5,18237.34961,18264.78906,18264.78906,168900
20-02-2015,18336.5,18360.91992,18297.66992,18332.30078,18332.30078,141900
23-02-2015,18499.58008,18509.08008,18402.01953,18466.91992,18466.91992,152800
24-02-2015,18468.39063,18603.48047,18427.98047,18603.48047,18603.48047,140800
25-02-2015,18636.33984,18648.76953,18552.81055,18585.19922,18585.19922,134900
26-02-2015,18587.86914,18790.83008,18587.13086,18785.78906,18785.78906,155500
27-02-2015,18844.2793,18865.39063,18714.64063,18797.93945,18797.93945,169500
02-03-2015,18869.40039,18939.16992,18775.23047,18826.88086,18826.88086,130800
03-03-2015,18910.51953,18910.51953,18730.57031,18815.16016,18815.16016,150200
04-03-2015,18716.7793,18732.66016,18586.83984,18703.59961,18703.59961,139000
05-03-2015,18658.16016,18767.5,18655.35938,18751.83984,18751.83984,118200
06-03-2015,18814.84961,18979.64063,18808.30078,18971,18971,142700
09-03-2015,18872.96094,18878.15039,18733.86914,18790.55078,18790.55078,118000
10-03-2015,18891.00977,18924.38086,18577.06055,18665.10938,18665.10938,143900
11-03-2015,18604.86914,18836.92969,18583.51953,18723.51953,18723.51953,130000
12-03-2015,18787.09961,19008.13086,18774.41992,18991.10938,18991.10938,145200
13-03-2015,19119.58008,19335.80078,19042.25,19254.25,19254.25,221000
16-03-2015,19245.38086,19349.19922,19226.71094,19246.06055,19246.06055,125100
17-03-2015,19425.89063,19479.89063,19373.39063,19437,19437,127800
18-03-2015,19407.75977,19555.7207,19389.24023,19544.48047,19544.48047,130400
19-03-2015,19514.64063,19557.16992,19312.69922,19476.56055,19476.56055,146600
20-03-2015,19479.71094,19565.43945,19416.63086,19560.2207,19560.2207,133400
23-03-2015,19479.71094,19565.43945,19416.63086,19560.2207,19560.2207,133400
24-03-2015,19718.99023,19770.64063,19646.34961,19713.44922,19713.44922,137600
25-03-2015,19745.75,19775.44922,19542.2207,19746.19922,19746.19922,140700
26-03-2015,19605.59961,19623.10938,19397.00977,19471.11914,19471.11914,150200
27-03-2015,19374.7207,19590.0293,19099.86914,19285.63086,19285.63086,173000
30-03-2015,19295.21094,19474.07031,19227.28906,19411.40039,19411.40039,132200
31-03-2015,19592.42969,19607.25,19206.99023,19206.99023,19206.99023,151600
01-04-2015,19129.75,19195.23047,18927.94922,19034.83984,19034.83984,155600
02-04-2015,19141.92969,19433.89063,19115.14063,19312.78906,19312.78906,147100
03-04-2015,19289.03906,19435.08008,19289.03906,19435.08008,19435.08008,101600
06-04-2015,19295.0293,19424.08984,19241.28906,19397.98047,19397.98047,93700
07-04-2015,19539.0293,19667.48047,19501.31055,19640.53906,19640.53906,132900
08-04-2015,19729.69922,19845.5293,19693.63086,19789.81055,19789.81055,136500
09-04-2015,19851.11914,19957.32031,19822.49023,19937.7207,19937.7207,120000
10-04-2015,19989.55078,20006,19845.31055,19907.63086,19907.63086,132100
13-04-2015,19967.38086,19975.66016,19825.68945,19905.46094,19905.46094,107000
14-04-2015,19828.65039,19922.5,19828.65039,19908.67969,19908.67969,111500
15-04-2015,19838.5293,19913.41992,19823.85938,19869.75977,19869.75977,118000
16-04-2015,19862.48047,19894.34961,19742.11914,19885.76953,19885.76953,169100
17-04-2015,19810.40039,19815.25,19638.36914,19652.88086,19652.88086,182600
20-04-2015,19501,19725.85938,19474.23047,19634.49023,19634.49023,139800
21-04-2015,19731.57031,19909.08984,19678.2207,19909.08984,19909.08984,156800
22-04-2015,19999.83984,20144.66016,19983,20133.90039,20133.90039,204400
23-04-2015,20227.2793,20252.11914,20116.18945,20187.65039,20187.65039,200900
24-04-2015,20142.4707,20142.4707,20013.74023,20020.03906,20020.03906,135500
27-04-2015,20063.80078,20069.24023,19909.85938,19983.32031,19983.32031,119800
28-04-2015,20068.65039,20133.7793,20031.71094,20058.94922,20058.94922,134500
30-04-2015,19847.5,19852.66016,19502.60938,19520.00977,19520.00977,189100
01-05-2015,19510.84961,19549.39063,19399.16016,19531.63086,19531.63086,149500
07-05-2015,19510.84961,19549.39063,19257.84961,19291.99023,19291.99023,165700
08-05-2015,19315.63086,19458.75,19302.71094,19379.18945,19379.18945,176200
11-05-2015,19637.58008,19679.63086,19586.81055,19620.91016,19620.91016,208000
12-05-2015,19608.23047,19626.75,19467.65039,19624.83984,19624.83984,197400
13-05-2015,19568.75977,19791.88086,19494.69922,19764.7207,19764.7207,187800
14-05-2015,19661.51953,19717.80078,19546.82031,19570.24023,19570.24023,171700
15-05-2015,19693.16992,19750.75977,19633.75,19732.91992,19732.91992,173000
18-05-2015,19766.16016,19890.26953,19741.2207,19890.26953,19890.26953,200600
19-05-2015,19977.14063,20087.69922,19946.75,20026.38086,20026.38086,178600
20-05-2015,20175.58984,20278.89063,20148.50977,20196.56055,20196.56055,171100
21-05-2015,20215.46094,20320.90039,20175.7793,20202.86914,20202.86914,176300
22-05-2015,20208.84961,20278.31055,20130.83984,20264.41016,20264.41016,137300
25-05-2015,20331.91992,20417.76953,20318.53906,20413.76953,20413.76953,139800
26-05-2015,20431.26953,20473.84961,20378.76953,20437.48047,20437.48047,126900
27-05-2015,20380.64063,20513.2207,20363.21094,20472.58008,20472.58008,184700
28-05-2015,20590.2793,20655.33008,20473.26953,20551.46094,20551.46094,241500
29-05-2015,20510.26953,20636.41016,20508.40039,20563.15039,20563.15039,233900
01-06-2015,20444.53906,20595.41016,20410.26953,20569.86914,20569.86914,168200
02-06-2015,20604.66992,20619.60938,20470.25977,20543.18945,20543.18945,194400
03-06-2015,20443.15039,20506.34961,20397.73047,20473.50977,20473.50977,163600
04-06-2015,20539.93945,20552.46094,20438.21094,20488.18945,20488.18945,171700
05-06-2015,20398.75977,20480.25,20363.17969,20460.90039,20460.90039,160800
08-06-2015,20537.84961,20544.93945,20359.06055,20457.18945,20457.18945,135600
09-06-2015,20293.05078,20332.41992,20095.48047,20096.30078,20096.30078,155900
10-06-2015,20126.35938,20264.91992,20016.32031,20046.35938,20046.35938,183200
11-06-2015,20183.60938,20382.9707,20178.03906,20382.9707,20382.9707,150400
12-06-2015,20431.7793,20437.25977,20331.18945,20407.08008,20407.08008,184200
15-06-2015,20205.09961,20401.48047,20205.09961,20387.78906,20387.78906,112200
16-06-2015,20332.83008,20368.21094,20234.16016,20257.93945,20257.93945,129000
17-06-2015,20306.09961,20323.08008,20126.57031,20219.26953,20219.26953,124200
18-06-2015,20193.58984,20200.50977,19990.55078,19990.82031,19990.82031,130500
19-06-2015,20152.41016,20194.44922,20075.91016,20174.24023,20174.24023,156100
22-06-2015,20174.14063,20433.30078,20174.14063,20428.18945,20428.18945,140500
23-06-2015,20547.74023,20809.41992,20531.13086,20809.41992,20809.41992,177800
24-06-2015,20889.32031,20952.71094,20838.2207,20868.0293,20868.0293,161700
25-06-2015,20777.68945,20866.58008,20758.59961,20771.40039,20771.40039,124500
26-06-2015,20758.42969,20785.75977,20650,20706.15039,20706.15039,135900
29-06-2015,20305.9707,20361.59961,20093.16016,20109.94922,20109.94922,165300
30-06-2015,20174.60938,20243.17969,20118.25977,20235.73047,20235.73047,163100
01-07-2015,20291.05078,20346.74023,20225.26953,20329.32031,20329.32031,119900
02-07-2015,20565.93945,20601.73047,20479.84961,20522.5,20522.5,137800
03-07-2015,20476.68945,20557.50977,20431.25,20539.78906,20539.78906,141400
06-07-2015,20200.15039,20310.7207,20012.23047,20112.11914,20112.11914,158800
07-07-2015,20354.23047,20428,20337.17969,20376.58984,20376.58984,139300
08-07-2015,20282.49023,20310.89063,19737.64063,19737.64063,19737.64063,207600
09-07-2015,19422.7793,19855.5,19115.19922,19855.5,19855.5,252900
10-07-2015,19829.92969,19978.24023,19720.15039,19779.83008,19779.83008,187200
13-07-2015,19929.91992,20120.15039,19911.39063,20089.76953,20089.76953,139000
14-07-2015,20355.33008,20435.5293,20322.19922,20385.33008,20385.33008,156900
15-07-2015,20478.84961,20496.59961,20401.08984,20463.33008,20463.33008,127100
16-07-2015,20588.98047,20612.5,20522.25,20600.11914,20600.11914,132700
17-07-2015,20646.63086,20658.94922,20611.2207,20650.91992,20650.91992,114600
21-07-2015,20763.31055,20850,20710.33984,20841.9707,20841.9707,130500
22-07-2015,20657.80078,20677.83984,20576.18945,20593.66992,20593.66992,141000
23-07-2015,20693.57031,20708.23047,20648.75977,20683.94922,20683.94922,115500
24-07-2015,20603.63086,20631.53906,20527.7793,20544.5293,20544.5293,107400
27-07-2015,20374.05078,20486.92969,20278.73047,20350.09961,20350.09961,118900
28-07-2015,20188.57031,20423.58008,20070.61914,20328.89063,20328.89063,145300
29-07-2015,20425.68945,20425.68945,20205.21094,20302.91016,20302.91016,132800
30-07-2015,20450.60938,20583.57031,20443.89063,20522.83008,20522.83008,176000
31-07-2015,20506.55078,20585.24023,20466.80078,20585.24023,20585.24023,170100
03-08-2015,20540.21094,20562.19922,20396.5,20548.10938,20548.10938,168400
04-08-2015,20462.17969,20552.03906,20448.49023,20520.35938,20520.35938,161700
05-08-2015,20490.15039,20715.48047,20469.86914,20614.06055,20614.06055,168300
06-08-2015,20768.76953,20817.48047,20664.43945,20664.43945,20664.43945,162000
07-08-2015,20601.57031,20754,20567.50977,20724.56055,20724.56055,142600
10-08-2015,20618.31055,20820.85938,20617.05078,20808.68945,20808.68945,138700
11-08-2015,20920.59961,20946.92969,20582.00977,20720.75,20720.75,159200
12-08-2015,20632.67969,20703.19922,20303.01953,20392.76953,20392.76953,165200
13-08-2015,20392.53906,20633.91016,20306.98047,20595.55078,20595.55078,162400
14-08-2015,20518.35938,20605.46094,20484.66992,20519.44922,20519.44922,135200
17-08-2015,20600.16016,20668.86914,20541,20620.25977,20620.25977,103400
18-08-2015,20640.58984,20663.17969,20545.25,20554.4707,20554.4707,190700
19-08-2015,20467.49023,20521.9707,20218.0293,20222.63086,20222.63086,141100
20-08-2015,20194.25977,20246.4707,20033.28906,20033.51953,20033.51953,143500
21-08-2015,19711.33984,19737.53906,19435.83008,19435.83008,19435.83008,184200
24-08-2015,19075.05078,19154.65039,18498.80078,18540.67969,18540.67969,266200
25-08-2015,18171.66016,18835.34961,17747.5,17806.69922,17806.69922,325500
26-08-2015,17894.28906,18442.83984,17714.30078,18376.83008,18376.83008,239400
27-08-2015,18680.4707,18810.05078,18486.46094,18574.43945,18574.43945,186300
28-08-2015,18908.73047,19192.82031,18901.08984,19136.32031,19136.32031,199000
31-08-2015,19006.98047,19019.60938,18749.76953,18890.48047,18890.48047,167600
01-09-2015,18763.7207,18777.4707,18165.68945,18165.68945,18165.68945,171500
02-09-2015,17861.81055,18467.43945,17857.30078,18095.40039,18095.40039,192000
03-09-2015,18359.34961,18481.57031,18176.75,18182.39063,18182.39063,138700
04-09-2015,18312.13086,18312.13086,17608.16992,17792.16016,17792.16016,166000
07-09-2015,17674.82031,18013.64063,17478.7207,17860.4707,17860.4707,159700
08-09-2015,17941.91016,17962.56055,17415.60938,17427.08008,17427.08008,150300
09-09-2015,17758.13086,18770.50977,17756.75977,18770.50977,18770.50977,195600
10-09-2015,18418.64063,18420.56055,17956.15039,18299.61914,18299.61914,167500
11-09-2015,18155.71094,18362.99023,18124.34961,18264.2207,18264.2207,195500
14-09-2015,18341.00977,18344.07031,17925.08984,17965.69922,17965.69922,126500
15-09-2015,18082.7207,18329.57031,17995.98047,18026.48047,18026.48047,142000
16-09-2015,18238.15039,18291.9707,18094.99023,18171.59961,18171.59961,122200
17-09-2015,18361.99023,18468.19922,18289.63086,18432.26953,18432.26953,127000
18-09-2015,18275.48047,18295.90039,18069.5,18070.21094,18070.21094,166800
24-09-2015,17803.41016,17865.83984,17571.83008,17571.83008,17571.83008,167900
25-09-2015,17618.30078,17880.50977,17483.68945,17880.50977,17880.50977,179300
28-09-2015,17811.11914,17886.49023,17562.59961,17645.10938,17645.10938,126900
29-09-2015,17359.38086,17366.94922,16901.49023,16930.83984,16930.83984,206300
30-09-2015,17193.83984,17460.9707,17179.40039,17388.15039,17388.15039,151800
01-10-2015,17479.9707,17831.58008,17389.57031,17722.41992,17722.41992,156400
02-10-2015,17564.39063,17775.76953,17537.84961,17725.13086,17725.13086,121500
05-10-2015,17921,18079.46094,17869.74023,18005.49023,18005.49023,117300
06-10-2015,18302.41016,18372.7207,18094.84961,18186.09961,18186.09961,143200
07-10-2015,18168.19922,18379.23047,18043.08008,18322.98047,18322.98047,156000
08-10-2015,18310.61914,18400.68945,18121.67969,18141.16992,18141.16992,153600
09-10-2015,18281.50977,18438.66992,18184.96094,18438.66992,18438.66992,179500
13-10-2015,18335.15039,18359.71094,18223.80078,18234.74023,18234.74023,140000
14-10-2015,18106.66016,18126.39063,17831.5293,17891,17891,145000
15-10-2015,17804.91016,18170.66992,17758.11914,18096.90039,18096.90039,127700
16-10-2015,18300.83008,18397.51953,18238.7793,18291.80078,18291.80078,125700
19-10-2015,18282.7793,18314.08984,18078.42969,18131.23047,18131.23047,121300
20-10-2015,18245.53906,18253.13086,18147.98047,18207.15039,18207.15039,118800
21-10-2015,18167.64063,18605.41016,18167.64063,18554.2793,18554.2793,142900
22-10-2015,18443.68945,18579.14063,18376.00977,18435.86914,18435.86914,123900
23-10-2015,18762.65039,18915.64063,18746.60938,18825.30078,18825.30078,143100
26-10-2015,19036.13086,19088.75977,18937.44922,18947.11914,18947.11914,118100
27-10-2015,18961.16016,18964.99023,18760.78906,18777.03906,18777.03906,119600
28-10-2015,18826.93945,18925.50977,18815.11914,18903.01953,18903.01953,106900
29-10-2015,19046.16016,19080.89063,18809.48047,18935.71094,18935.71094,172900
30-10-2015,18924.31055,19202.33984,18784.68945,19083.09961,19083.09961,176500
02-11-2015,18827.10938,18861.10938,18641.2207,18683.24023,18683.24023,143900
04-11-2015,18941.32031,19151.89063,18926.91016,18926.91016,18926.91016,152300
05-11-2015,19029.43945,19167.08984,18995.96094,19116.41016,19116.41016,141500
06-11-2015,19194.33984,19294.15039,19164.85938,19265.59961,19265.59961,117700
09-11-2015,19411.50977,19684.41016,19389.74023,19642.74023,19642.74023,163700
10-11-2015,19457.05078,19674.05078,19457.05078,19671.25977,19671.25977,127300
11-11-2015,19602.00977,19724.11914,19602.00977,19691.39063,19691.39063,127400
12-11-2015,19644.65039,19725.83008,19597.99023,19697.76953,19697.76953,123500
13-11-2015,19495.25977,19601.49023,19388.91016,19596.91016,19596.91016,134900
16-11-2015,19263.96094,19451.08984,19252.03906,19393.68945,19393.68945,108200
17-11-2015,19641.66992,19726.00977,19628.83984,19630.63086,19630.63086,141000
18-11-2015,19771.85938,19840,19643.9707,19649.17969,19649.17969,122900
19-11-2015,19851.24023,19959.06055,19761.56055,19859.81055,19859.81055,135400
20-11-2015,19800.19922,19879.81055,19715.74023,19879.81055,19879.81055,106400
24-11-2015,19875.99023,19954,19834.75977,19924.89063,19924.89063,133900
25-11-2015,19856.83984,19871.75,19786.5293,19847.58008,19847.58008,129200
26-11-2015,19929.9707,19992.43945,19926.09961,19944.41016,19944.41016,113800
27-11-2015,19994.05078,19994.05078,19831.25,19883.93945,19883.93945,111200
30-11-2015,19857.38086,19867.94922,19707.66992,19747.4707,19747.4707,156400
01-12-2015,19799.08008,20012.40039,19797.55078,20012.40039,20012.40039,129100
02-12-2015,19957.5,20002.11914,19926.2207,19938.13086,19938.13086,115900
03-12-2015,19894.63086,19967.88086,19862.74023,19939.90039,19939.90039,112700
04-12-2015,19616.51953,19660.90039,19444.53906,19504.48047,19504.48047,130100
07-12-2015,19710.39063,19811.50977,19677.21094,19698.15039,19698.15039,100200
08-12-2015,19689.86914,19764.21094,19475.2793,19492.59961,19492.59961,124100
09-12-2015,19391.5,19475.40039,19260.11914,19301.07031,19301.07031,126400
10-12-2015,19070.01953,19125.06055,19025.7793,19046.55078,19046.55078,116100
11-12-2015,19020.75,19282.21094,19020.75,19230.48047,19230.48047,160800
14-12-2015,18887.08984,18911.7793,18611.08984,18883.41992,18883.41992,134300
15-12-2015,18869.03906,18897.86914,18562.50977,18565.90039,18565.90039,137800
16-12-2015,18868.19922,19054.89063,18859.10938,19049.91016,19049.91016,139600
17-12-2015,19364.57031,19507.16992,19325.15039,19353.56055,19353.56055,148100
18-12-2015,19320.46094,19869.08008,18982.25,18986.80078,18986.80078,193200
21-12-2015,18845.5,18979.83008,18651.13086,18916.01953,18916.01953,154800
22-12-2015,18927.85938,18943.46094,18824.65039,18886.69922,18886.69922,131600
24-12-2015,19071.41016,19071.41016,18780.93945,18789.68945,18789.68945,125600
25-12-2015,18823.91016,18870.69922,18744.43945,18769.06055,18769.06055,118900
28-12-2015,18838.91016,18922.90039,18764.53906,18873.34961,18873.34961,99200
29-12-2015,18843.39063,18991.00977,18783.35938,18982.23047,18982.23047,94000
30-12-2015,19070.83008,19113.17969,19017.26953,19033.71094,19033.71094,97500
04-01-2016,18818.58008,18951.11914,18394.42969,18450.98047,18450.98047,136000
05-01-2016,18398.75977,18547.38086,18327.51953,18374,18374,128300
06-01-2016,18410.57031,18469.38086,18064.30078,18191.32031,18191.32031,142200
07-01-2016,18139.76953,18172.03906,17767.33984,17767.33984,17767.33984,163000
08-01-2016,17562.23047,17975.31055,17509.64063,17697.96094,17697.96094,178800
12-01-2016,17470.92969,17546.57031,17184.7793,17218.96094,17218.96094,173000
13-01-2016,17449.11914,17717.75,17414.55078,17715.63086,17715.63086,145900
14-01-2016,17384.92969,17393.83008,16944.41016,17240.94922,17240.94922,173000
15-01-2016,17522.46094,17597.86914,17057.59961,17147.10938,17147.10938,167800
18-01-2016,16826.92969,17037.25977,16665.05078,16955.57031,16955.57031,152500
19-01-2016,16902.28906,17088.31055,16812.65039,17048.36914,17048.36914,149600
20-01-2016,17030.2793,17031.32031,16387.60938,16416.18945,16416.18945,172500
21-01-2016,16466.85938,16734.58008,16017.25977,16017.25977,16017.25977,221400
22-01-2016,16336.71973,16993.96094,16332.4502,16958.5293,16958.5293,181200
25-01-2016,17145.81055,17208.24023,16922.21094,17110.91016,17110.91016,152300
26-01-2016,16833.13086,16839.51953,16652.25977,16708.90039,16708.90039,142600
27-01-2016,16949.18945,17242.26953,16947.94922,17163.91992,17163.91992,155000
28-01-2016,17059.83984,17235.43945,16942.13086,17041.44922,17041.44922,136700
29-01-2016,17155.06055,17638.92969,16767.08984,17518.30078,17518.30078,285600
01-02-2016,17699.59961,17905.36914,17666.48047,17865.23047,17865.23047,245000
02-02-2016,17716.51953,17864.69922,17684.66016,17750.67969,17750.67969,194800
03-02-2016,17497.41016,17515.67969,17080.57031,17191.25,17191.25,221600
04-02-2016,17071.10938,17209.56055,16941.88086,17044.99023,17044.99023,231600
05-02-2016,16790.5293,16893.11914,16627.80078,16819.58984,16819.58984,252100
08-02-2016,16620.91016,17099.00977,16552.30078,17004.30078,17004.30078,200100
09-02-2016,16666.78906,16668.69922,16025.94043,16085.44043,16085.44043,221400
10-02-2016,16127.86035,16163.03027,15429.99023,15713.38965,15713.38965,275000
12-02-2016,15426.26953,15437.21973,14865.76953,14952.61035,14952.61035,340500
15-02-2016,15248.37988,16155.09961,15243.87988,16022.58008,16022.58008,225200
16-02-2016,15849.46973,16341.55957,15809.58008,16054.42969,16054.42969,218200
17-02-2016,16035.34961,16214.45996,15632.12012,15836.36035,15836.36035,204100
18-02-2016,16138.08008,16337.58984,16118.79981,16196.79981,16196.79981,182200
19-02-2016,16050.40039,16050.45996,15799.34961,15967.16992,15967.16992,156800
22-02-2016,15851.38965,16187.40039,15816.83008,16111.04981,16111.04981,139800
23-02-2016,16230.37988,16350.37988,16001.19043,16052.04981,16052.04981,160200
24-02-2016,15851.12988,16006.4502,15753.76953,15915.79004,15915.79004,147100
25-02-2016,15983.46973,16218.29004,15953.92969,16140.33984,16140.33984,164700
26-02-2016,16311.51953,16472.5,16188.41016,16188.41016,16188.41016,143000
29-02-2016,16313.30957,16464.75,16026.75977,16026.75977,16026.75977,159400
01-03-2016,16013,16099.41992,15857.37012,16085.50977,16085.50977,147700
02-03-2016,16391.48047,16815.25,16388.91992,16746.55078,16746.55078,169800
03-03-2016,16695.7793,16962.94922,16691.93945,16960.16016,16960.16016,201400
04-03-2016,16927.35938,17042.91992,16861.38086,17014.7793,17014.7793,178100
07-03-2016,17024.64063,17026.25,16894.58008,16911.32031,16911.32031,159500
08-03-2016,16889.48047,16909.78906,16570.2207,16783.15039,16783.15039,177300
09-03-2016,16625.58984,16706.25,16494.80078,16642.19922,16642.19922,155900
10-03-2016,16811,16887.59961,16713.13086,16852.34961,16852.34961,131500
11-03-2016,16610.17969,17015.30078,16575.75,16938.86914,16938.86914,192100
14-03-2016,17155.51953,17291.34961,17149.21094,17233.75,17233.75,140900
15-03-2016,17219.89063,17279.30078,17042.56055,17117.07031,17117.07031,144300
16-03-2016,16981.35938,17102.44922,16950.83984,16974.44922,16974.44922,122600
17-03-2016,17107.59961,17253.0293,16814.83984,16936.38086,16936.38086,152500
18-03-2016,16883.75,16920.91016,16613.68945,16724.81055,16724.81055,151000
22-03-2016,16937.31055,17107.80078,16851.21094,17048.55078,17048.55078,132100
23-03-2016,17066.26953,17142.08008,16964.31055,17000.98047,17000.98047,104700
24-03-2016,16979.39063,17041.16016,16843.99023,16892.33008,16892.33008,137800
25-03-2016,16949.5293,17026.14063,16889.40039,17002.75,17002.75,122700
28-03-2016,17129.26953,17167.88086,16961.41016,17134.36914,17134.36914,119800
29-03-2016,16985.2793,17137.19922,16948.42969,17103.5293,17103.5293,117000
30-03-2016,17078.0293,17078.0293,16875.91016,16878.96094,16878.96094,127300
31-03-2016,16997.14063,17033.65039,16758.66992,16758.66992,16758.66992,152800
01-04-2016,16719.56055,16719.56055,16113.00977,16164.16016,16164.16016,173000
04-04-2016,16087.75977,16238.50977,16029.5,16123.26953,16123.26953,140500
05-04-2016,16044.23047,16066.17969,15698.54981,15732.82031,15732.82031,153400
06-04-2016,15727.7002,15828.61035,15612.91016,15715.36035,15715.36035,146000
07-04-2016,15739.25977,15871.09961,15636.20996,15749.83984,15749.83984,141600
08-04-2016,15597.04004,16027.62988,15471.79981,15821.51953,15821.51953,171500
11-04-2016,15761.57031,15778.74023,15525.49023,15751.12988,15751.12988,126000
12-04-2016,15719.24023,15963.03027,15693.61035,15928.79004,15928.79004,147000
13-04-2016,16142.70996,16405.58984,16132.23047,16381.21973,16381.21973,154000
14-04-2016,16629.83008,16911.05078,16602.16992,16911.05078,16911.05078,170100
15-04-2016,16720.39063,16928.66992,16720.39063,16848.0293,16848.0293,129300
18-04-2016,16521.25,16526.90039,16254.2002,16275.9502,16275.9502,140600
19-04-2016,16582.66016,16900.33008,16570.5,16874.43945,16874.43945,141300
20-04-2016,17053.83008,17099.35938,16870.73047,16906.53906,16906.53906,139600
21-04-2016,17187.26953,17381.69922,17144.5293,17363.61914,17363.61914,160900
22-04-2016,17220.4707,17572.49023,17192.39063,17572.49023,17572.49023,221500
25-04-2016,17613.56055,17613.56055,17403.86914,17439.30078,17439.30078,171600
26-04-2016,17358.56055,17426.01953,17200.5,17353.2793,17353.2793,156800
27-04-2016,17369.67969,17417.53906,17230.23047,17290.49023,17290.49023,136700
28-04-2016,17438.99023,17572.26953,16652.74023,16666.05078,16666.05078,226100
02-05-2016,16357.09961,16357.09961,15975.46973,16147.37988,16147.37988,174500
06-05-2016,16212.66992,16271.61035,15989.34961,16106.71973,16106.71973,148100
09-05-2016,16226.57031,16292.86035,16159.30957,16216.03027,16216.03027,118800
10-05-2016,16307.5,16587.63086,16229.15039,16565.18945,16565.18945,166500
11-05-2016,16736.7207,16814.64063,16536.60938,16579.00977,16579.00977,139200
12-05-2016,16459.68945,16658.07031,16374.58984,16646.33984,16646.33984,134500
13-05-2016,16804.16992,16804.16992,16400.86914,16412.21094,16412.21094,166500
16-05-2016,16391.91992,16632.61914,16391.91992,16466.40039,16466.40039,121300
17-05-2016,16618.94922,16655.89063,16509.31055,16652.80078,16652.80078,114100
18-05-2016,16611.40039,16795.4707,16513.16992,16644.68945,16644.68945,160100
19-05-2016,16807.46094,16841.03906,16590.16016,16646.66016,16646.66016,141600
20-05-2016,16594.99023,16770.86914,16548.33984,16736.34961,16736.34961,122500
23-05-2016,16671.2793,16691.5,16417.83984,16654.59961,16654.59961,116500
24-05-2016,16605.03906,16605.03906,16471.36914,16498.75977,16498.75977,106400
25-05-2016,16764.34961,16806.0293,16731.11914,16757.34961,16757.34961,104200
26-05-2016,16927.68945,16957.56055,16743.16992,16772.46094,16772.46094,118300
27-05-2016,16830.5,16901.08984,16792.73047,16834.83984,16834.83984,108400
30-05-2016,16973.7207,17068.01953,16910.18945,17068.01953,17068.01953,97300
31-05-2016,17029.46094,17251.35938,16988.64063,17234.98047,17234.98047,152000
01-06-2016,17097.2207,17145.94922,16908.91992,16955.73047,16955.73047,129700
02-06-2016,16817.25977,16819.84961,16525.4707,16562.55078,16562.55078,138500
03-06-2016,16599.50977,16716.14063,16554.59961,16642.23047,16642.23047,107300
06-06-2016,16373.32031,16581.30078,16322.63965,16580.0293,16580.0293,118500
07-06-2016,16651.05078,16701.00977,16536.23047,16675.44922,16675.44922,105700
08-06-2016,16722.49023,16830.91992,16581.71094,16830.91992,16830.91992,108700
09-06-2016,16742.0293,16785.83008,16587.76953,16668.41016,16668.41016,115500
10-06-2016,16637.50977,16643.35938,16496.10938,16601.35938,16601.35938,150400
13-06-2016,16319.11035,16335.37988,16019.17969,16019.17969,16019.17969,126200
14-06-2016,16001.19043,16082.5,15762.08984,15859,15859,131700
15-06-2016,15799.07031,15997.29981,15752.00977,15919.58008,15919.58008,132700
16-06-2016,15871.21973,15913.08008,15395.98047,15434.13965,15434.13965,149600
17-06-2016,15631.79004,15774.87012,15582.94043,15599.66016,15599.66016,162200
20-06-2016,15839.05957,16035.44043,15835.86035,15965.29981,15965.29981,128000
21-06-2016,15875.80957,16202.29981,15770.95996,16169.11035,16169.11035,117300
22-06-2016,16095.80957,16160.99023,15980.65039,16065.71973,16065.71973,108300
23-06-2016,16098.61035,16263.87012,16057.86035,16238.34961,16238.34961,107500
24-06-2016,16333.87012,16389.16992,14864.00977,14952.01953,14952.01953,255100
27-06-2016,15153.08008,15323.9502,15061.66016,15309.20996,15309.20996,157000
28-06-2016,15094.70996,15443.82031,14987.79004,15323.13965,15323.13965,175500
29-06-2016,15523.34961,15626.66016,15398.30957,15566.83008,15566.83008,143000
30-06-2016,15752.70996,15781.69043,15575.91992,15575.91992,15575.91992,146200
01-07-2016,15698.01953,15765,15635.57031,15682.48047,15682.48047,116300
04-07-2016,15554.04004,15805.30957,15553.91992,15775.79981,15775.79981,105200
05-07-2016,15682.16016,15702.04004,15602.73047,15669.33008,15669.33008,105900
06-07-2016,15434.45996,15434.45996,15167.98047,15378.99023,15378.99023,158400
07-07-2016,15346.80957,15418.90039,15241.91016,15276.24023,15276.24023,123500
08-07-2016,15326.83984,15399.7002,15106.51953,15106.98047,15106.98047,125600
11-07-2016,15375.94043,15816.66992,15375.94043,15708.82031,15708.82031,134700
12-07-2016,15961.29981,16237.62012,15956.91016,16095.65039,16095.65039,179500
13-07-2016,16343,16444.25,16196.44043,16231.42969,16231.42969,189700
14-07-2016,16242.2002,16398.73047,16229.25977,16385.89063,16385.89063,132000
15-07-2016,16396.11914,16607.32031,16396.11914,16497.84961,16497.84961,166700
19-07-2016,16612.08984,16726.71094,16514.66016,16723.31055,16723.31055,127700
20-07-2016,16646.91992,16692.83984,16554.0293,16681.89063,16681.89063,116900
21-07-2016,16855.17969,16938.96094,16740,16810.2207,16810.2207,134800
22-07-2016,16612.90039,16691.81055,16566.98047,16627.25,16627.25,97800
25-07-2016,16655.81055,16778.65039,16612.33008,16620.28906,16620.28906,102900
26-07-2016,16535.81055,16535.81055,16323.09961,16383.04004,16383.04004,125500
27-07-2016,16526.06055,16821.42969,16526.06055,16664.82031,16664.82031,155500
28-07-2016,16596.15039,16616.2793,16450.2793,16476.83984,16476.83984,122600
29-07-2016,16359.67969,16679.18945,16174.34961,16569.26953,16569.26953,227600
01-08-2016,16415.31055,16677.49023,16319.15039,16635.76953,16635.76953,168900
02-08-2016,16469.67969,16541.88086,16391.44922,16391.44922,16391.44922,127900
03-08-2016,16227.28027,16275.33984,16056.66992,16083.11035,16083.11035,155400
04-08-2016,16168.33984,16270.12012,15921.04004,16254.88965,16254.88965,160000
05-08-2016,16278.99023,16355.98047,16230.7002,16254.4502,16254.4502,125500
08-08-2016,16462.28906,16652.03906,16455.57031,16650.57031,16650.57031,141600
09-08-2016,16632.41016,16779.58984,16630.56055,16764.9707,16764.9707,123700
10-08-2016,16699.08008,16822.85938,16657.58984,16735.11914,16735.11914,110400
12-08-2016,16877.17969,16943.66992,16818.42969,16919.91992,16919.91992,115500
15-08-2016,16866.89063,16932.10938,16844.58008,16869.56055,16869.56055,83700
16-08-2016,16878.66016,16887.57031,16596.50977,16596.50977,16596.50977,106700
17-08-2016,16596.25977,16772.10938,16596.25977,16745.64063,16745.64063,113900
18-08-2016,16649.91016,16714.60938,16481.41016,16486.00977,16486.00977,126500
19-08-2016,16558.38086,16613.03906,16452.61914,16545.82031,16545.82031,118200
22-08-2016,16599.25977,16631.23047,16540.93945,16598.18945,16598.18945,95300
23-08-2016,16549.82031,16663.64063,16452.00977,16497.35938,16497.35938,104400
24-08-2016,16550.21094,16648.07031,16544.39063,16597.30078,16597.30078,91100
25-08-2016,16580.15039,16628.78906,16520.83984,16555.94922,16555.94922,90100
26-08-2016,16485.55078,16490.5293,16320.42969,16360.70996,16360.70996,101500
29-08-2016,16631.06055,16764.64063,16616.65039,16737.49023,16737.49023,113900
30-08-2016,16690.98047,16752.16016,16677.84961,16725.35938,16725.35938,100600
31-08-2016,16857.83008,16917.85938,16836.96094,16887.40039,16887.40039,145800
01-09-2016,16885.16016,16941.17969,16864.56055,16926.83984,16926.83984,127600
02-09-2016,16903.7793,16946.49023,16848.11914,16925.67969,16925.67969,112700
05-09-2016,17131.51953,17156.35938,17009.21094,17037.63086,17037.63086,123600
06-09-2016,17035.0293,17097.58984,17022.64063,17081.98047,17081.98047,105100
07-09-2016,16937.38086,17024.25977,16903.19922,17012.43945,17012.43945,132500
08-09-2016,16984,17001.83984,16836.65039,16958.76953,16958.76953,108000
09-09-2016,16994.36914,17029.7793,16902.08984,16965.75977,16965.75977,120200
12-09-2016,16748.35938,16802,16601.53906,16672.91992,16672.91992,112800
13-09-2016,16764.65039,16787.06055,16658.40039,16729.03906,16729.03906,95300
14-09-2016,16632.06055,16706.60938,16585.80078,16614.24023,16614.24023,116300
15-09-2016,16512.41992,16528.01953,16359.78027,16405.00977,16405.00977,114300
16-09-2016,16458.74023,16532.83984,16415.85938,16519.28906,16519.28906,123300
20-09-2016,16403.2207,16591.69922,16403.2207,16492.15039,16492.15039,117900
21-09-2016,16471.84961,16823.63086,16399.65039,16807.61914,16807.61914,185400
23-09-2016,16759.83984,16808.58984,16725.5293,16754.01953,16754.01953,133900
26-09-2016,16707.44922,16707.44922,16514.92969,16544.56055,16544.56055,102900
27-09-2016,16390.91016,16683.92969,16285.41016,16683.92969,16683.92969,152400
28-09-2016,16504.99023,16515.83984,16385.0293,16465.40039,16465.40039,112200
29-09-2016,16606.30078,16756.42969,16584.14063,16693.71094,16693.71094,119000
30-09-2016,16474.44922,16497.55078,16407.7793,16449.83984,16449.83984,120700
03-10-2016,16566.0293,16652.16016,16554.83008,16598.66992,16598.66992,96200
04-10-2016,16661.50977,16747.19922,16637.82031,16735.65039,16735.65039,97300
05-10-2016,16787.89063,16844.34961,16728.18945,16819.24023,16819.24023,115100
06-10-2016,16913.59961,16971.2793,16888.76953,16899.09961,16899.09961,110600
07-10-2016,16883.11914,16895.13086,16820.21094,16860.08984,16860.08984,97300
11-10-2016,16936.31055,17074.46094,16931.11914,17024.75977,17024.75977,108300
12-10-2016,16850.73047,16951.53906,16839.41016,16840,16840,112800
13-10-2016,16923.82031,16974.25,16739.73047,16774.24023,16774.24023,107800
14-10-2016,16751.03906,16866.56055,16727.7793,16856.36914,16856.36914,106100
17-10-2016,16871.83984,16954.43945,16821.49023,16900.11914,16900.11914,92200
18-10-2016,16862.31055,16966.90039,16844.16992,16963.60938,16963.60938,98600
19-10-2016,16952.91016,17016.66016,16938.46094,16998.91016,16998.91016,98600
20-10-2016,16999.35938,17235.5,16992.14063,17235.5,17235.5,109000
21-10-2016,17283.75,17288.89063,17151.98047,17184.58984,17184.58984,110800
24-10-2016,17216.56055,17244.74023,17162.21094,17234.41992,17234.41992,85100
25-10-2016,17298.63086,17381.80078,17298.63086,17365.25,17365.25,105100
26-10-2016,17329.0293,17391.83984,17295.46094,17391.83984,17391.83984,95200
27-10-2016,17346.39063,17414.21094,17278.11914,17336.41992,17336.41992,104400
28-10-2016,17448.25,17461.0293,17406.7207,17446.41016,17446.41016,162900
31-10-2016,17360.89063,17433.13086,17327.61914,17425.01953,17425.01953,152500
01-11-2016,17380.53906,17473.11914,17339.64063,17442.40039,17442.40039,119300
02-11-2016,17238,17283.59961,17080.58984,17134.67969,17134.67969,131100
04-11-2016,16964.5,16996.08984,16801.98047,16905.35938,16905.35938,130800
07-11-2016,17126.0293,17186.89063,17056.83984,17177.21094,17177.21094,113000
08-11-2016,17242.69922,17247.03906,17130.83008,17171.38086,17171.38086,100000
09-11-2016,17281.94922,17427.71094,16111.80957,16251.54004,16251.54004,274900
10-11-2016,16562.85938,17393.82031,16560.66016,17344.41992,17344.41992,222500
11-11-2016,17526.60938,17621.73047,17333.49023,17374.78906,17374.78906,241800
14-11-2016,17467.49023,17697.33008,17455.7793,17672.61914,17672.61914,165300
15-11-2016,17690.2207,17727.58008,17605.76953,17668.15039,17668.15039,168000
16-11-2016,17832.50977,17886.43945,17807.4707,17862.21094,17862.21094,194300
17-11-2016,17766.60938,17884.06055,17764.08008,17862.63086,17862.63086,161100
18-11-2016,18024.21094,18043.7207,17967.41016,17967.41016,17967.41016,161800
21-11-2016,18038.08984,18129.0293,18007.78906,18106.01953,18106.01953,135700
22-11-2016,18091.05078,18175.63086,18050.55078,18162.93945,18162.93945,118200
24-11-2016,18329.7793,18382.7207,18310.31055,18333.41016,18333.41016,144900
25-11-2016,18387.58984,18482.93945,18288.5,18381.2207,18381.2207,160000
28-11-2016,18302.58008,18374.92969,18222.82031,18356.89063,18356.89063,145000
29-11-2016,18263.63086,18327.50977,18258.82031,18307.03906,18307.03906,121800
30-11-2016,18356.0293,18370.31055,18280.66016,18308.48047,18308.48047,164700
01-12-2016,18535.24023,18746.2793,18469.26953,18513.11914,18513.11914,182400
02-12-2016,18435.55078,18469.67969,18315.38086,18426.08008,18426.08008,191300
05-12-2016,18349.91992,18365.74023,18227.39063,18274.99023,18274.99023,130500
06-12-2016,18457.19922,18484.80078,18318.99023,18360.53906,18360.53906,154000
07-12-2016,18434.53906,18502.4707,18410.88086,18496.68945,18496.68945,151700
08-12-2016,18674.18945,18765.4707,18614.00977,18765.4707,18765.4707,187400
09-12-2016,18839.98047,19042.48047,18821.41016,18996.36914,18996.36914,212300
12-12-2016,19183.82031,19280.92969,19054,19155.0293,19155.0293,200600
13-12-2016,19120.75977,19253.50977,19060.7207,19250.51953,19250.51953,147600
14-12-2016,19270.00977,19284.2793,19184.75,19253.60938,19253.60938,133200
15-12-2016,19327.69922,19436.90039,19192.59961,19273.78906,19273.78906,154600
16-12-2016,19438.39063,19439.9707,19360.35938,19401.15039,19401.15039,148700
19-12-2016,19345.83984,19399.25977,19307.14063,19391.59961,19391.59961,106000
20-12-2016,19367.83984,19511.19922,19356.81055,19494.5293,19494.5293,119600
21-12-2016,19547.2793,19592.90039,19375.18945,19444.49023,19444.49023,130300
22-12-2016,19396.84961,19427.66992,19327.50977,19427.66992,19427.66992,113500
26-12-2016,19394.41016,19432.48047,19385.93945,19396.64063,19396.64063,85500
27-12-2016,19353.42969,19478.58008,19352.06055,19403.06055,19403.06055,110200
28-12-2016,19392.10938,19442.13086,19364.73047,19401.7207,19401.7207,77700
29-12-2016,19301.03906,19301.03906,19092.2207,19145.14063,19145.14063,0
30-12-2016,18997.67969,19176.81055,18991.58984,19114.36914,19114.36914,117800
04-01-2017,19298.67969,19594.16016,19277.92969,19594.16016,19594.16016,163500
05-01-2017,19602.09961,19615.40039,19473.2793,19520.68945,19520.68945,134500
06-01-2017,19393.55078,19472.36914,19354.43945,19454.33008,19454.33008,119100
10-01-2017,19414.83008,19484.90039,19255.34961,19301.43945,19301.43945,119100
11-01-2017,19358.64063,19402.16992,19325.46094,19364.66992,19364.66992,119100
12-01-2017,19300.18945,19300.18945,19069.01953,19134.69922,19134.69922,119100
13-01-2017,19174.9707,19299.35938,19156.92969,19287.2793,19287.2793,119100
16-01-2017,19219.13086,19255.41016,19061.26953,19095.24023,19095.24023,119100
17-01-2017,19038.44922,19043.91016,18812.85938,18813.5293,18813.5293,119100
18-01-2017,18753.96094,18941.24023,18650.33008,18894.36914,18894.36914,119100
19-01-2017,19082.83008,19122.39063,18982.13086,19072.25,19072.25,170600
20-01-2017,19059.15039,19176.85938,19040.19922,19137.91016,19137.91016,125800
23-01-2017,18938.44922,19024.21094,18879.67969,18891.0293,18891.0293,124800
24-01-2017,18817.41992,18915.69922,18783.16016,18787.99023,18787.99023,131500
25-01-2017,19091.23047,19133.17969,18987.44922,19057.5,19057.5,125400
26-01-2017,19260.66992,19405.23047,19232.46094,19402.39063,19402.39063,145200
27-01-2017,19453.50977,19486.67969,19404.13086,19467.40039,19467.40039,134600
30-01-2017,19371.2793,19390.9707,19295.80078,19368.84961,19368.84961,97800
31-01-2017,19145.34961,19199.75,19041.33984,19041.33984,19041.33984,133900
01-02-2017,18926.9707,19155.78906,18916.17969,19148.08008,19148.08008,131500
02-02-2017,19152.78906,19170.63086,18866.80078,18914.58008,18914.58008,136500
03-02-2017,18996.74023,19061.25977,18830.89063,18918.19922,18918.19922,140900
06-02-2017,19069.7207,19075.57031,18899.40039,18976.71094,18976.71094,120500
07-02-2017,18844.11914,18970.58008,18805.32031,18910.7793,18910.7793,106100
08-02-2017,18951.16016,19009.24023,18875.57031,19007.59961,19007.59961,102900
09-02-2017,18942.03906,18991.23047,18874.91016,18907.66992,18907.66992,130500
10-02-2017,19216.74023,19395.99023,19193.57031,19378.92969,19378.92969,149400
13-02-2017,19513.7793,19519.43945,19418.17969,19459.15039,19459.15039,117900
14-02-2017,19478.85938,19501.00977,19232.84961,19238.98047,19238.98047,142800
15-02-2017,19438.81055,19495.61914,19420,19437.98047,19437.98047,142800
16-02-2017,19431.60938,19431.60938,19260.24023,19347.5293,19347.5293,137800
17-02-2017,19228.74023,19275.39063,19173.5293,19234.61914,19234.61914,143600
20-02-2017,19161.33008,19274.75,19115.10938,19251.08008,19251.08008,98900
21-02-2017,19267.86914,19395.34961,19261.98047,19381.43945,19381.43945,100700
22-02-2017,19419.2207,19419.2207,19329.2793,19379.86914,19379.86914,156700
23-02-2017,19379.91992,19379.91992,19262.63086,19371.46094,19371.46094,140800
24-02-2017,19232.10938,19381.09961,19219.58008,19283.53906,19283.53906,148900
27-02-2017,19130.50977,19178.99023,18995.55078,19107.4707,19107.4707,124200
28-02-2017,19194.67969,19267.99023,19118.99023,19118.99023,19118.99023,132900
01-03-2017,19226.93945,19414.55078,19164.61914,19393.53906,19393.53906,132300
02-03-2017,19624.82031,19668.00977,19564.80078,19564.80078,19564.80078,146200
03-03-2017,19551.33984,19587.78906,19392.75,19469.16992,19469.16992,111000
06-03-2017,19409.17969,19411.53906,19340.32031,19379.14063,19379.14063,88000
07-03-2017,19337.18945,19375.08984,19317.09961,19344.15039,19344.15039,98800
08-03-2017,19308.5293,19326.40039,19198.7793,19254.0293,19254.0293,103200
09-03-2017,19343.06055,19350.19922,19262.98047,19318.58008,19318.58008,101100
10-03-2017,19444.71094,19623.7207,19427.81055,19604.60938,19604.60938,155300
13-03-2017,19545.74023,19656.48047,19531.50977,19633.75,19633.75,92600
14-03-2017,19634.28906,19637.55078,19599.61914,19609.5,19609.5,123300
15-03-2017,19528.75,19581.5293,19503.74023,19577.38086,19577.38086,115700
16-03-2017,19458.69922,19618.99023,19454.16992,19590.14063,19590.14063,122500
17-03-2017,19510.89063,19547.50977,19487.91992,19521.58984,19521.58984,137100
21-03-2017,19510.89063,19547.50977,19337.2207,19455.88086,19455.88086,0
22-03-2017,19146.61914,19183.26953,19026.5293,19041.38086,19041.38086,0
23-03-2017,19048.83984,19105.10938,18973.75,19085.31055,19085.31055,0
24-03-2017,19066.34961,19296.05078,19060.64063,19262.5293,19262.5293,0
27-03-2017,19071.18945,19086.89063,18932.08984,18985.58984,18985.58984,0
28-03-2017,19159.07031,19203.64063,19113.43945,19202.86914,19202.86914,0
29-03-2017,19216.7793,19251.30078,19164.60938,19217.48047,19217.48047,0
30-03-2017,19150.82031,19218.08008,19043.48047,19063.2207,19063.2207,0
31-03-2017,19170.41992,19210.91992,18909.25977,18909.25977,18909.25977,0
03-04-2017,18988,19068.61914,18920.51953,18983.23047,18983.23047,0
04-04-2017,18933.82031,18947.33008,18703.63086,18810.25,18810.25,0
05-04-2017,18900.69922,18941.93945,18773.93945,18861.26953,18861.26953,0
06-04-2017,18754.36914,18797.43945,18532.65039,18597.06055,18597.06055,0
07-04-2017,18714.98047,18785.73047,18517.42969,18664.63086,18664.63086,0
10-04-2017,18800.2207,18850.80078,18762.69922,18797.88086,18797.88086,0
11-04-2017,18717.55078,18767.69922,18661.85938,18747.86914,18747.86914,105100
12-04-2017,18592.09961,18602.5,18460.58984,18552.60938,18552.60938,116300
13-04-2017,18391.7207,18455.25,18304.7207,18426.83984,18426.83984,123700
14-04-2017,18531.91016,18531.91016,18285.73047,18335.63086,18335.63086,0
17-04-2017,18239.83984,18361.43945,18224.67969,18355.25977,18355.25977,0
18-04-2017,18497.38086,18547.46094,18362.73047,18418.58984,18418.58984,93300
19-04-2017,18327.33008,18467.73047,18327.33008,18432.19922,18432.19922,120800
20-04-2017,18446.39063,18523.40039,18420.82031,18430.49023,18430.49023,116900
21-04-2017,18591.82031,18648.2793,18542.41992,18620.75,18620.75,113200
24-04-2017,18890.38086,18910.33008,18840.13086,18875.88086,18875.88086,98100
25-04-2017,18872.56055,19109.75977,18867.18945,19079.33008,19079.33008,118000
26-04-2017,19184.91992,19289.42969,19170.85938,19289.42969,19289.42969,129400
27-04-2017,19205.58984,19281.69922,19199.58984,19251.86914,19251.86914,116700
28-04-2017,19240.65039,19264.57031,19164.67969,19196.74023,19196.74023,117800
01-05-2017,19154.0293,19311.21094,19144.61914,19310.51953,19310.51953,106500
02-05-2017,19335.7207,19464.30078,19335.01953,19445.69922,19445.69922,112700
08-05-2017,19709.00977,19929.48047,19705.13086,19895.69922,19895.69922,148700
09-05-2017,19915.64063,19917.44922,19838.71094,19843,19843,123500
10-05-2017,19890.56055,19938.5293,19866.30078,19900.08984,19900.08984,129000
11-05-2017,19943.94922,19989.93945,19906.34961,19961.55078,19961.55078,136400
12-05-2017,19941.64063,19941.64063,19809.91016,19883.90039,19883.90039,136800
15-05-2017,19753.46094,19869.84961,19740.63086,19869.84961,19869.84961,128300
16-05-2017,19953.06055,19998.49023,19862.41016,19919.82031,19919.82031,131100
17-05-2017,19806.7793,19842.7793,19764.63086,19814.88086,19814.88086,118100
18-05-2017,19556.99023,19601.5293,19449.73047,19553.85938,19553.85938,135700
19-05-2017,19591.41016,19628.64063,19497.28906,19590.75977,19590.75977,115600
22-05-2017,19670.48047,19722.92969,19618.73047,19678.2793,19678.2793,78500
23-05-2017,19647.74023,19693.01953,19585.53906,19613.2793,19613.2793,83400
24-05-2017,19777.56055,19782.81055,19690.09961,19742.98047,19742.98047,101300
25-05-2017,19737.21094,19850.92969,19720.11914,19813.13086,19813.13086,95100
26-05-2017,19798.49023,19801.58984,19686.49023,19686.83984,19686.83984,84500
29-05-2017,19697.17969,19736.61914,19627.18945,19682.57031,19682.57031,67300
30-05-2017,19681.10938,19691.43945,19570.13086,19677.84961,19677.84961,72600
31-05-2017,19630.33008,19673.50977,19589.25,19650.57031,19650.57031,125100
01-06-2017,19692.16016,19887.66016,19686.32031,19860.0293,19860.0293,103500
02-06-2017,19970.23047,20239.81055,19967,20177.2793,20177.2793,150400
05-06-2017,20135.41992,20224.53906,20104.13086,20170.82031,20170.82031,99100
06-06-2017,20122.25977,20152.94922,19948.01953,19979.90039,19979.90039,102000
07-06-2017,19951.67969,20023.24023,19908.07031,19984.61914,19984.61914,99200
08-06-2017,20048.2793,20061.2207,19896.34961,19909.25977,19909.25977,125300
09-06-2017,19953.06055,20096.00977,19927.07031,20013.25977,20013.25977,145300
12-06-2017,19920.76953,19949.07031,19837.64063,19908.58008,19908.58008,112100
13-06-2017,19859.81055,19929.0293,19850.85938,19898.75,19898.75,97200
14-06-2017,19974.56055,20009.92969,19879.59961,19883.51953,19883.51953,92900
15-06-2017,19815.53906,19963.35938,19755.33984,19831.82031,19831.82031,107000
16-06-2017,19931.15039,20015.16016,19884.80078,19943.25977,19943.25977,135300
19-06-2017,19974.30078,20087.71094,19949.88086,20067.75,20067.75,79700
20-06-2017,20234.11914,20318.10938,20227.28906,20230.41016,20230.41016,99300
21-06-2017,20192.16016,20215.10938,20117.78906,20138.78906,20138.78906,94900
22-06-2017,20154.38086,20191.41992,20107.89063,20110.50977,20110.50977,84600
23-06-2017,20152.58008,20152.58008,20089.53906,20132.66992,20132.66992,80500
26-06-2017,20132.81055,20196.38086,20119.03906,20153.34961,20153.34961,77000
27-06-2017,20229.11914,20250.09961,20185.18945,20225.08984,20225.08984,90300
28-06-2017,20149.19922,20224.30078,20110.49023,20130.41016,20130.41016,115500
29-06-2017,20260.86914,20266.58984,20197.38086,20220.30078,20220.30078,118800
30-06-2017,20025.63086,20044.00977,19946.50977,20033.42969,20033.42969,0
